AdroitHandRelocateDense-v1, AdroitHandHammerDense-v1, AdroitHandDoorDense-v1 environment's reward functions were updated in v1.2.1 without an environment version update. Therefore, use gymnasium-robotics==1.2.0 for v1 reproducibility or use v2 in gymnasium-robotics>=1.4.3. See https://github.com/Farama-Foundation/Gymnasium-Robotics/pull/220 for more details
wandb: WARNING `resume` will be ignored since W&B syncing is set to `offline`. Starting a new run with run id 9w4tb2ty.
wandb: Tracking run with wandb version 0.26.1
wandb: W&B syncing is set to `offline` in this directory. Run `wandb online` or set WANDB_MODE=online to enable cloud syncing.
wandb: Run data is saved locally in /home/daffa/Documents/data/outputs/kitchen_verify_zarrfix_seed0/wandb/offline-run-20260522_212416-9w4tb2ty

Training epoch 0:   0%|          | 0/25 [00:00<?, ?it/s]
Training epoch 0:   8%|▊         | 2/25 [00:01<00:14,  1.55it/s, loss=0.000137]
Training epoch 0:  24%|██▍       | 6/25 [00:02<00:07,  2.44it/s, loss=0.000134]
Training epoch 0:  40%|████      | 10/25 [00:03<00:05,  2.71it/s, loss=0.000128]
Training epoch 0:  56%|█████▌    | 14/25 [00:05<00:03,  2.84it/s, loss=0.000124]
Training epoch 0:  72%|███████▏  | 18/25 [00:06<00:02,  2.91it/s, loss=0.00012] 
Training epoch 0:  88%|████████▊ | 22/25 [00:07<00:01,  2.95it/s, loss=0.000121]
                                                                                

Eval Franka Kitchen:   0%|          | 0/10 [00:00<?, ?it/s]
Eval Franka Kitchen:  30%|███       | 3/10 [00:05<00:12,  1.78s/it]
Eval Franka Kitchen:  60%|██████    | 6/10 [00:10<00:07,  1.77s/it]
Eval Franka Kitchen:  90%|█████████ | 9/10 [00:16<00:01,  1.79s/it]
                                                                   

Validation epoch 0:   0%|          | 0/5 [00:00<?, ?it/s]
                                                         

Training epoch 1:   0%|          | 0/25 [00:00<?, ?it/s]
Training epoch 1:  12%|█▏        | 3/25 [00:01<00:08,  2.74it/s, loss=0.000118]
Training epoch 1:  24%|██▍       | 6/25 [00:02<00:06,  2.86it/s, loss=0.000119]
Training epoch 1:  36%|███▌      | 9/25 [00:03<00:05,  2.90it/s, loss=0.000123]
Training epoch 1:  48%|████▊     | 12/25 [00:04<00:04,  2.92it/s, loss=0.000117]
Training epoch 1:  60%|██████    | 15/25 [00:05<00:03,  2.93it/s, loss=0.00011] 
Training epoch 1:  72%|███████▏  | 18/25 [00:06<00:02,  2.93it/s, loss=0.000118]
Training epoch 1:  84%|████████▍ | 21/25 [00:07<00:01,  2.93it/s, loss=0.000119]
Training epoch 1:  96%|█████████▌| 24/25 [00:08<00:00,  2.93it/s, loss=0.000114]
                                                                                

Validation epoch 1:   0%|          | 0/5 [00:00<?, ?it/s]
                                                         

Training epoch 2:   0%|          | 0/25 [00:00<?, ?it/s]
Training epoch 2:  12%|█▏        | 3/25 [00:01<00:08,  2.70it/s, loss=0.000116]
Training epoch 2:  24%|██▍       | 6/25 [00:02<00:06,  2.83it/s, loss=0.000114]
Training epoch 2:  36%|███▌      | 9/25 [00:03<00:05,  2.87it/s, loss=0.000112]
Training epoch 2:  48%|████▊     | 12/25 [00:04<00:04,  2.89it/s, loss=0.000112]
Training epoch 2:  60%|██████    | 15/25 [00:05<00:03,  2.90it/s, loss=0.000112]
Training epoch 2:  72%|███████▏  | 18/25 [00:06<00:02,  2.91it/s, loss=0.000117]
Training epoch 2:  84%|████████▍ | 21/25 [00:07<00:01,  2.92it/s, loss=0.000113]
Training epoch 2:  96%|█████████▌| 24/25 [00:08<00:00,  2.91it/s, loss=0.000115]
                                                                                

Validation epoch 2:   0%|          | 0/5 [00:00<?, ?it/s]
                                                         

Training epoch 3:   0%|          | 0/25 [00:00<?, ?it/s]
Training epoch 3:  12%|█▏        | 3/25 [00:01<00:08,  2.70it/s, loss=0.00011]
Training epoch 3:  24%|██▍       | 6/25 [00:02<00:06,  2.82it/s, loss=0.000108]
Training epoch 3:  36%|███▌      | 9/25 [00:03<00:05,  2.86it/s, loss=0.00011] 
Training epoch 3:  48%|████▊     | 12/25 [00:04<00:04,  2.88it/s, loss=0.000109]
Training epoch 3:  60%|██████    | 15/25 [00:05<00:03,  2.89it/s, loss=0.00011] 
Training epoch 3:  72%|███████▏  | 18/25 [00:06<00:02,  2.89it/s, loss=0.000108]
Training epoch 3:  84%|████████▍ | 21/25 [00:07<00:01,  2.90it/s, loss=0.000109]
Training epoch 3:  96%|█████████▌| 24/25 [00:08<00:00,  2.90it/s, loss=0.000111]
                                                                                

Validation epoch 3:   0%|          | 0/5 [00:00<?, ?it/s]
                                                         

Training epoch 4:   0%|          | 0/25 [00:00<?, ?it/s]
Training epoch 4:  12%|█▏        | 3/25 [00:01<00:08,  2.69it/s, loss=0.000112]
Training epoch 4:  24%|██▍       | 6/25 [00:02<00:06,  2.81it/s, loss=0.000107]
Training epoch 4:  36%|███▌      | 9/25 [00:03<00:05,  2.85it/s, loss=0.00011] 
Training epoch 4:  48%|████▊     | 12/25 [00:04<00:04,  2.87it/s, loss=0.000107]
Training epoch 4:  60%|██████    | 15/25 [00:05<00:03,  2.88it/s, loss=0.000107]
Training epoch 4:  72%|███████▏  | 18/25 [00:06<00:02,  2.88it/s, loss=0.000106]
Training epoch 4:  84%|████████▍ | 21/25 [00:07<00:01,  2.89it/s, loss=0.000103]
Training epoch 4:  96%|█████████▌| 24/25 [00:08<00:00,  2.89it/s, loss=0.000101]
                                                                                

Validation epoch 4:   0%|          | 0/5 [00:00<?, ?it/s]
                                                         

Training epoch 5:   0%|          | 0/25 [00:00<?, ?it/s]
Training epoch 5:  12%|█▏        | 3/25 [00:01<00:08,  2.67it/s, loss=9.62e-5]
Training epoch 5:  24%|██▍       | 6/25 [00:02<00:06,  2.79it/s, loss=9.49e-5]
Training epoch 5:  36%|███▌      | 9/25 [00:03<00:05,  2.84it/s, loss=9.28e-5]
Training epoch 5:  48%|████▊     | 12/25 [00:04<00:04,  2.85it/s, loss=9.61e-5]
Training epoch 5:  60%|██████    | 15/25 [00:05<00:03,  2.86it/s, loss=8.33e-5]
Training epoch 5:  72%|███████▏  | 18/25 [00:06<00:02,  2.87it/s, loss=8.61e-5]
Training epoch 5:  84%|████████▍ | 21/25 [00:07<00:01,  2.87it/s, loss=8.12e-5]
Training epoch 5:  96%|█████████▌| 24/25 [00:08<00:00,  2.88it/s, loss=7.89e-5]
                                                                               

Validation epoch 5:   0%|          | 0/5 [00:00<?, ?it/s]
                                                         

Training epoch 6:   0%|          | 0/25 [00:00<?, ?it/s]
Training epoch 6:  12%|█▏        | 3/25 [00:01<00:08,  2.66it/s, loss=7.22e-5]
Training epoch 6:  24%|██▍       | 6/25 [00:02<00:06,  2.79it/s, loss=7.16e-5]
Training epoch 6:  36%|███▌      | 9/25 [00:03<00:05,  2.83it/s, loss=6.36e-5]
Training epoch 6:  48%|████▊     | 12/25 [00:04<00:04,  2.85it/s, loss=6.11e-5]
Training epoch 6:  60%|██████    | 15/25 [00:05<00:03,  2.86it/s, loss=6.17e-5]
Training epoch 6:  72%|███████▏  | 18/25 [00:06<00:02,  2.86it/s, loss=6.02e-5]
Training epoch 6:  84%|████████▍ | 21/25 [00:07<00:01,  2.87it/s, loss=5.22e-5]
Training epoch 6:  96%|█████████▌| 24/25 [00:08<00:00,  2.87it/s, loss=5.52e-5]
                                                                               

Validation epoch 6:   0%|          | 0/5 [00:00<?, ?it/s]
                                                         

Training epoch 7:   0%|          | 0/25 [00:00<?, ?it/s]
Training epoch 7:  12%|█▏        | 3/25 [00:01<00:08,  2.66it/s, loss=4.89e-5]
Training epoch 7:  24%|██▍       | 6/25 [00:02<00:06,  2.79it/s, loss=5.21e-5]
Training epoch 7:  36%|███▌      | 9/25 [00:03<00:05,  2.83it/s, loss=4.8e-5] 
Training epoch 7:  48%|████▊     | 12/25 [00:04<00:04,  2.85it/s, loss=4.57e-5]
Training epoch 7:  60%|██████    | 15/25 [00:05<00:03,  2.86it/s, loss=4.7e-5] 
Training epoch 7:  72%|███████▏  | 18/25 [00:06<00:02,  2.86it/s, loss=4.32e-5]
Training epoch 7:  84%|████████▍ | 21/25 [00:07<00:01,  2.87it/s, loss=4.3e-5] 
Training epoch 7:  96%|█████████▌| 24/25 [00:08<00:00,  2.87it/s, loss=4.4e-5]
                                                                              

Validation epoch 7:   0%|          | 0/5 [00:00<?, ?it/s]
                                                         

Training epoch 8:   0%|          | 0/25 [00:00<?, ?it/s]
Training epoch 8:  12%|█▏        | 3/25 [00:01<00:08,  2.66it/s, loss=4.61e-5]
Training epoch 8:  24%|██▍       | 6/25 [00:02<00:06,  2.78it/s, loss=4.02e-5]
Training epoch 8:  36%|███▌      | 9/25 [00:03<00:05,  2.83it/s, loss=4.1e-5] 
Training epoch 8:  48%|████▊     | 12/25 [00:04<00:04,  2.84it/s, loss=4.42e-5]
Training epoch 8:  60%|██████    | 15/25 [00:05<00:03,  2.85it/s, loss=3.7e-5] 
Training epoch 8:  72%|███████▏  | 18/25 [00:06<00:02,  2.86it/s, loss=3.95e-5]
Training epoch 8:  84%|████████▍ | 21/25 [00:07<00:01,  2.86it/s, loss=3.76e-5]
Training epoch 8:  96%|█████████▌| 24/25 [00:08<00:00,  2.86it/s, loss=4.4e-5] 
                                                                              

Validation epoch 8:   0%|          | 0/5 [00:00<?, ?it/s]
                                                         

Training epoch 9:   0%|          | 0/25 [00:00<?, ?it/s]
Training epoch 9:  12%|█▏        | 3/25 [00:01<00:08,  2.67it/s, loss=3.68e-5]
Training epoch 9:  24%|██▍       | 6/25 [00:02<00:06,  2.78it/s, loss=3.99e-5]
Training epoch 9:  36%|███▌      | 9/25 [00:03<00:05,  2.82it/s, loss=3.85e-5]
Training epoch 9:  48%|████▊     | 12/25 [00:04<00:04,  2.84it/s, loss=3.57e-5]
Training epoch 9:  60%|██████    | 15/25 [00:05<00:03,  2.85it/s, loss=3.78e-5]
Training epoch 9:  72%|███████▏  | 18/25 [00:06<00:02,  2.85it/s, loss=3.42e-5]
Training epoch 9:  84%|████████▍ | 21/25 [00:07<00:01,  2.85it/s, loss=3.6e-5] 
Training epoch 9:  96%|█████████▌| 24/25 [00:08<00:00,  2.86it/s, loss=3.73e-5]
                                                                               

Validation epoch 9:   0%|          | 0/5 [00:00<?, ?it/s]
                                                         

Training epoch 10:   0%|          | 0/25 [00:00<?, ?it/s]
Training epoch 10:  12%|█▏        | 3/25 [00:01<00:08,  2.67it/s, loss=3.85e-5]
Training epoch 10:  24%|██▍       | 6/25 [00:02<00:06,  2.78it/s, loss=3.82e-5]
Training epoch 10:  36%|███▌      | 9/25 [00:03<00:05,  2.82it/s, loss=3.58e-5]
Training epoch 10:  48%|████▊     | 12/25 [00:04<00:04,  2.84it/s, loss=3.36e-5]
Training epoch 10:  60%|██████    | 15/25 [00:05<00:03,  2.85it/s, loss=3.62e-5]
Training epoch 10:  72%|███████▏  | 18/25 [00:06<00:02,  2.85it/s, loss=3.9e-5] 
Training epoch 10:  84%|████████▍ | 21/25 [00:07<00:01,  2.86it/s, loss=3.39e-5]
Training epoch 10:  96%|█████████▌| 24/25 [00:08<00:00,  2.86it/s, loss=3.42e-5]
                                                                                

Validation epoch 10:   0%|          | 0/5 [00:00<?, ?it/s]
                                                          

Training epoch 11:   0%|          | 0/25 [00:00<?, ?it/s]
Training epoch 11:  12%|█▏        | 3/25 [00:01<00:08,  2.67it/s, loss=3.59e-5]
Training epoch 11:  24%|██▍       | 6/25 [00:02<00:06,  2.77it/s, loss=3.67e-5]
Training epoch 11:  36%|███▌      | 9/25 [00:03<00:05,  2.81it/s, loss=3.03e-5]
Training epoch 11:  48%|████▊     | 12/25 [00:04<00:04,  2.83it/s, loss=3.76e-5]
Training epoch 11:  60%|██████    | 15/25 [00:05<00:03,  2.84it/s, loss=3.56e-5]
Training epoch 11:  72%|███████▏  | 18/25 [00:06<00:02,  2.84it/s, loss=3.36e-5]
Training epoch 11:  84%|████████▍ | 21/25 [00:07<00:01,  2.85it/s, loss=2.92e-5]
Training epoch 11:  96%|█████████▌| 24/25 [00:08<00:00,  2.85it/s, loss=3.42e-5]
                                                                                

Validation epoch 11:   0%|          | 0/5 [00:00<?, ?it/s]
                                                          

Training epoch 12:   0%|          | 0/25 [00:00<?, ?it/s]
Training epoch 12:  12%|█▏        | 3/25 [00:01<00:08,  2.63it/s, loss=3.37e-5]
Training epoch 12:  24%|██▍       | 6/25 [00:02<00:06,  2.76it/s, loss=3.65e-5]
Training epoch 12:  36%|███▌      | 9/25 [00:03<00:05,  2.80it/s, loss=3.14e-5]
Training epoch 12:  48%|████▊     | 12/25 [00:04<00:04,  2.82it/s, loss=3.56e-5]
Training epoch 12:  60%|██████    | 15/25 [00:05<00:03,  2.83it/s, loss=3.68e-5]
Training epoch 12:  72%|███████▏  | 18/25 [00:06<00:02,  2.84it/s, loss=3.36e-5]
Training epoch 12:  84%|████████▍ | 21/25 [00:07<00:01,  2.85it/s, loss=3.73e-5]
Training epoch 12:  96%|█████████▌| 24/25 [00:08<00:00,  2.85it/s, loss=3.24e-5]
                                                                                

Validation epoch 12:   0%|          | 0/5 [00:00<?, ?it/s]
                                                          

Training epoch 13:   0%|          | 0/25 [00:00<?, ?it/s]
Training epoch 13:  12%|█▏        | 3/25 [00:01<00:08,  2.62it/s, loss=3.69e-5]
Training epoch 13:  24%|██▍       | 6/25 [00:02<00:06,  2.75it/s, loss=3.61e-5]
Training epoch 13:  36%|███▌      | 9/25 [00:03<00:05,  2.80it/s, loss=3.3e-5] 
Training epoch 13:  48%|████▊     | 12/25 [00:04<00:04,  2.82it/s, loss=3.6e-5]
Training epoch 13:  60%|██████    | 15/25 [00:05<00:03,  2.84it/s, loss=3.5e-5]
Training epoch 13:  72%|███████▏  | 18/25 [00:06<00:02,  2.84it/s, loss=3.79e-5]
Training epoch 13:  84%|████████▍ | 21/25 [00:07<00:01,  2.85it/s, loss=3.26e-5]
Training epoch 13:  96%|█████████▌| 24/25 [00:08<00:00,  2.85it/s, loss=3.27e-5]
                                                                                

Validation epoch 13:   0%|          | 0/5 [00:00<?, ?it/s]
                                                          

Training epoch 14:   0%|          | 0/25 [00:00<?, ?it/s]
Training epoch 14:  12%|█▏        | 3/25 [00:01<00:08,  2.63it/s, loss=3.71e-5]
Training epoch 14:  24%|██▍       | 6/25 [00:02<00:06,  2.75it/s, loss=3.56e-5]
Training epoch 14:  36%|███▌      | 9/25 [00:03<00:05,  2.80it/s, loss=3.24e-5]
Training epoch 14:  48%|████▊     | 12/25 [00:04<00:04,  2.81it/s, loss=3.65e-5]
Training epoch 14:  60%|██████    | 15/25 [00:05<00:03,  2.83it/s, loss=3.95e-5]
Training epoch 14:  72%|███████▏  | 18/25 [00:06<00:02,  2.83it/s, loss=3.55e-5]
Training epoch 14:  84%|████████▍ | 21/25 [00:07<00:01,  2.84it/s, loss=3.09e-5]
Training epoch 14:  96%|█████████▌| 24/25 [00:08<00:00,  2.84it/s, loss=3.19e-5]
                                                                                

Validation epoch 14:   0%|          | 0/5 [00:00<?, ?it/s]
                                                          

Training epoch 15:   0%|          | 0/25 [00:00<?, ?it/s]
Training epoch 15:  12%|█▏        | 3/25 [00:01<00:08,  2.65it/s, loss=3.5e-5]
Training epoch 15:  24%|██▍       | 6/25 [00:02<00:06,  2.76it/s, loss=3.03e-5]
Training epoch 15:  36%|███▌      | 9/25 [00:03<00:05,  2.80it/s, loss=3.54e-5]
Training epoch 15:  48%|████▊     | 12/25 [00:04<00:04,  2.82it/s, loss=3.37e-5]
Training epoch 15:  60%|██████    | 15/25 [00:05<00:03,  2.83it/s, loss=3.04e-5]
Training epoch 15:  72%|███████▏  | 18/25 [00:06<00:02,  2.84it/s, loss=3.27e-5]
Training epoch 15:  84%|████████▍ | 21/25 [00:07<00:01,  2.84it/s, loss=3.34e-5]
Training epoch 15:  96%|█████████▌| 24/25 [00:08<00:00,  2.84it/s, loss=3.46e-5]
                                                                                

Validation epoch 15:   0%|          | 0/5 [00:00<?, ?it/s]
                                                          

Training epoch 16:   0%|          | 0/25 [00:00<?, ?it/s]
Training epoch 16:  12%|█▏        | 3/25 [00:01<00:08,  2.65it/s, loss=3.14e-5]
Training epoch 16:  24%|██▍       | 6/25 [00:02<00:06,  2.76it/s, loss=3.56e-5]
Training epoch 16:  36%|███▌      | 9/25 [00:03<00:05,  2.80it/s, loss=3.42e-5]
Training epoch 16:  48%|████▊     | 12/25 [00:04<00:04,  2.82it/s, loss=3.32e-5]
Training epoch 16:  60%|██████    | 15/25 [00:05<00:03,  2.83it/s, loss=3.08e-5]
Training epoch 16:  72%|███████▏  | 18/25 [00:06<00:02,  2.83it/s, loss=3.45e-5]
Training epoch 16:  84%|████████▍ | 21/25 [00:07<00:01,  2.84it/s, loss=3.08e-5]
Training epoch 16:  96%|█████████▌| 24/25 [00:08<00:00,  2.84it/s, loss=2.96e-5]
                                                                                

Validation epoch 16:   0%|          | 0/5 [00:00<?, ?it/s]
                                                          

Training epoch 17:   0%|          | 0/25 [00:00<?, ?it/s]
Training epoch 17:  12%|█▏        | 3/25 [00:01<00:08,  2.64it/s, loss=3.3e-5]
Training epoch 17:  24%|██▍       | 6/25 [00:02<00:06,  2.76it/s, loss=3.26e-5]
Training epoch 17:  36%|███▌      | 9/25 [00:03<00:05,  2.80it/s, loss=3.02e-5]
Training epoch 17:  48%|████▊     | 12/25 [00:04<00:04,  2.82it/s, loss=3.09e-5]
Training epoch 17:  60%|██████    | 15/25 [00:05<00:03,  2.83it/s, loss=3.56e-5]
Training epoch 17:  72%|███████▏  | 18/25 [00:06<00:02,  2.83it/s, loss=3.07e-5]
Training epoch 17:  84%|████████▍ | 21/25 [00:07<00:01,  2.83it/s, loss=3.12e-5]
Training epoch 17:  96%|█████████▌| 24/25 [00:08<00:00,  2.84it/s, loss=3.89e-5]
                                                                                

Validation epoch 17:   0%|          | 0/5 [00:00<?, ?it/s]
                                                          

Training epoch 18:   0%|          | 0/25 [00:00<?, ?it/s]
Training epoch 18:  12%|█▏        | 3/25 [00:01<00:08,  2.62it/s, loss=3.03e-5]
Training epoch 18:  24%|██▍       | 6/25 [00:02<00:06,  2.75it/s, loss=3.64e-5]
Training epoch 18:  36%|███▌      | 9/25 [00:03<00:05,  2.79it/s, loss=3.36e-5]
Training epoch 18:  48%|████▊     | 12/25 [00:04<00:04,  2.81it/s, loss=3.21e-5]
Training epoch 18:  60%|██████    | 15/25 [00:05<00:03,  2.82it/s, loss=3.22e-5]
Training epoch 18:  72%|███████▏  | 18/25 [00:06<00:02,  2.82it/s, loss=3.26e-5]
Training epoch 18:  84%|████████▍ | 21/25 [00:07<00:01,  2.83it/s, loss=3.11e-5]
Training epoch 18:  96%|█████████▌| 24/25 [00:08<00:00,  2.83it/s, loss=3.01e-5]
                                                                                

Validation epoch 18:   0%|          | 0/5 [00:00<?, ?it/s]
                                                          

Training epoch 19:   0%|          | 0/25 [00:00<?, ?it/s]
Training epoch 19:  12%|█▏        | 3/25 [00:01<00:08,  2.63it/s, loss=3.56e-5]
Training epoch 19:  24%|██▍       | 6/25 [00:02<00:06,  2.74it/s, loss=3e-5]   
Training epoch 19:  36%|███▌      | 9/25 [00:03<00:05,  2.79it/s, loss=3.54e-5]
Training epoch 19:  48%|████▊     | 12/25 [00:04<00:04,  2.81it/s, loss=3.06e-5]
Training epoch 19:  60%|██████    | 15/25 [00:05<00:03,  2.82it/s, loss=3.14e-5]
Training epoch 19:  72%|███████▏  | 18/25 [00:06<00:02,  2.82it/s, loss=3.41e-5]
Training epoch 19:  84%|████████▍ | 21/25 [00:07<00:01,  2.83it/s, loss=2.99e-5]
Training epoch 19:  96%|█████████▌| 24/25 [00:08<00:00,  2.83it/s, loss=3.04e-5]
                                                                                

Validation epoch 19:   0%|          | 0/5 [00:00<?, ?it/s]
                                                          

Training epoch 20:   0%|          | 0/25 [00:00<?, ?it/s]
Training epoch 20:  12%|█▏        | 3/25 [00:01<00:08,  2.62it/s, loss=3.53e-5]
Training epoch 20:  24%|██▍       | 6/25 [00:02<00:06,  2.74it/s, loss=2.98e-5]
Training epoch 20:  36%|███▌      | 9/25 [00:03<00:05,  2.78it/s, loss=3.19e-5]
Training epoch 20:  48%|████▊     | 12/25 [00:04<00:04,  2.80it/s, loss=3.13e-5]
Training epoch 20:  60%|██████    | 15/25 [00:05<00:03,  2.81it/s, loss=2.8e-5] 
Training epoch 20:  72%|███████▏  | 18/25 [00:06<00:02,  2.82it/s, loss=3e-5]  
Training epoch 20:  84%|████████▍ | 21/25 [00:07<00:01,  2.82it/s, loss=3.05e-5]
Training epoch 20:  96%|█████████▌| 24/25 [00:08<00:00,  2.83it/s, loss=3.19e-5]
                                                                                

Validation epoch 20:   0%|          | 0/5 [00:00<?, ?it/s]
                                                          

Training epoch 21:   0%|          | 0/25 [00:00<?, ?it/s]
Training epoch 21:  12%|█▏        | 3/25 [00:01<00:08,  2.64it/s, loss=3.35e-5]
Training epoch 21:  24%|██▍       | 6/25 [00:02<00:06,  2.75it/s, loss=3.11e-5]
Training epoch 21:  36%|███▌      | 9/25 [00:03<00:05,  2.79it/s, loss=3.04e-5]
Training epoch 21:  48%|████▊     | 12/25 [00:04<00:04,  2.81it/s, loss=3.31e-5]
Training epoch 21:  60%|██████    | 15/25 [00:05<00:03,  2.81it/s, loss=3.07e-5]
Training epoch 21:  72%|███████▏  | 18/25 [00:06<00:02,  2.82it/s, loss=3.57e-5]
Training epoch 21:  84%|████████▍ | 21/25 [00:07<00:01,  2.82it/s, loss=3.09e-5]
Training epoch 21:  96%|█████████▌| 24/25 [00:08<00:00,  2.82it/s, loss=3.45e-5]
                                                                                

Validation epoch 21:   0%|          | 0/5 [00:00<?, ?it/s]
                                                          

Training epoch 22:   0%|          | 0/25 [00:00<?, ?it/s]
Training epoch 22:  12%|█▏        | 3/25 [00:01<00:08,  2.62it/s, loss=3.42e-5]
Training epoch 22:  24%|██▍       | 6/25 [00:02<00:06,  2.74it/s, loss=3.28e-5]
Training epoch 22:  36%|███▌      | 9/25 [00:03<00:05,  2.78it/s, loss=3e-5]   
Training epoch 22:  48%|████▊     | 12/25 [00:04<00:04,  2.80it/s, loss=3.56e-5]
Training epoch 22:  60%|██████    | 15/25 [00:05<00:03,  2.81it/s, loss=3.03e-5]
Training epoch 22:  72%|███████▏  | 18/25 [00:06<00:02,  2.82it/s, loss=2.96e-5]
Training epoch 22:  84%|████████▍ | 21/25 [00:07<00:01,  2.82it/s, loss=3.18e-5]
Training epoch 22:  96%|█████████▌| 24/25 [00:08<00:00,  2.82it/s, loss=3.24e-5]
                                                                                

Validation epoch 22:   0%|          | 0/5 [00:00<?, ?it/s]
                                                          

Training epoch 23:   0%|          | 0/25 [00:00<?, ?it/s]
Training epoch 23:  12%|█▏        | 3/25 [00:01<00:08,  2.58it/s, loss=3.43e-5]
Training epoch 23:  24%|██▍       | 6/25 [00:02<00:06,  2.72it/s, loss=3.11e-5]
Training epoch 23:  36%|███▌      | 9/25 [00:03<00:05,  2.77it/s, loss=2.99e-5]
Training epoch 23:  48%|████▊     | 12/25 [00:04<00:04,  2.79it/s, loss=2.91e-5]
Training epoch 23:  60%|██████    | 15/25 [00:05<00:03,  2.80it/s, loss=3.09e-5]
Training epoch 23:  72%|███████▏  | 18/25 [00:06<00:02,  2.81it/s, loss=3.01e-5]
Training epoch 23:  84%|████████▍ | 21/25 [00:07<00:01,  2.81it/s, loss=3.33e-5]
Training epoch 23:  96%|█████████▌| 24/25 [00:08<00:00,  2.82it/s, loss=3.47e-5]
                                                                                

Validation epoch 23:   0%|          | 0/5 [00:00<?, ?it/s]
                                                          

Training epoch 24:   0%|          | 0/25 [00:00<?, ?it/s]
Training epoch 24:  12%|█▏        | 3/25 [00:01<00:08,  2.58it/s, loss=3.69e-5]
Training epoch 24:  24%|██▍       | 6/25 [00:02<00:07,  2.71it/s, loss=3.18e-5]
Training epoch 24:  36%|███▌      | 9/25 [00:03<00:05,  2.76it/s, loss=3.36e-5]
Training epoch 24:  48%|████▊     | 12/25 [00:04<00:04,  2.78it/s, loss=3.1e-5]
Training epoch 24:  60%|██████    | 15/25 [00:05<00:03,  2.80it/s, loss=2.93e-5]
Training epoch 24:  72%|███████▏  | 18/25 [00:06<00:02,  2.80it/s, loss=3.31e-5]
Training epoch 24:  84%|████████▍ | 21/25 [00:07<00:01,  2.81it/s, loss=3.1e-5] 
Training epoch 24:  96%|█████████▌| 24/25 [00:08<00:00,  2.81it/s, loss=2.85e-5]
                                                                                

Validation epoch 24:   0%|          | 0/5 [00:00<?, ?it/s]
                                                          

Training epoch 25:   0%|          | 0/25 [00:00<?, ?it/s]
Training epoch 25:  12%|█▏        | 3/25 [00:01<00:08,  2.58it/s, loss=2.84e-5]
Training epoch 25:  24%|██▍       | 6/25 [00:02<00:07,  2.71it/s, loss=2.93e-5]
Training epoch 25:  36%|███▌      | 9/25 [00:03<00:05,  2.76it/s, loss=3.52e-5]
Training epoch 25:  48%|████▊     | 12/25 [00:04<00:04,  2.79it/s, loss=2.65e-5]
Training epoch 25:  60%|██████    | 15/25 [00:05<00:03,  2.80it/s, loss=2.93e-5]
Training epoch 25:  72%|███████▏  | 18/25 [00:06<00:02,  2.80it/s, loss=2.91e-5]
Training epoch 25:  84%|████████▍ | 21/25 [00:07<00:01,  2.81it/s, loss=3.43e-5]
Training epoch 25:  96%|█████████▌| 24/25 [00:08<00:00,  2.81it/s, loss=3.4e-5] 
                                                                               

Validation epoch 25:   0%|          | 0/5 [00:00<?, ?it/s]
                                                          

Training epoch 26:   0%|          | 0/25 [00:00<?, ?it/s]
Training epoch 26:  12%|█▏        | 3/25 [00:01<00:08,  2.58it/s, loss=3.31e-5]
Training epoch 26:  24%|██▍       | 6/25 [00:02<00:07,  2.71it/s, loss=2.92e-5]
Training epoch 26:  36%|███▌      | 9/25 [00:03<00:05,  2.76it/s, loss=3.13e-5]
Training epoch 26:  48%|████▊     | 12/25 [00:04<00:04,  2.78it/s, loss=2.81e-5]
Training epoch 26:  60%|██████    | 15/25 [00:05<00:03,  2.79it/s, loss=3.38e-5]
Training epoch 26:  72%|███████▏  | 18/25 [00:06<00:02,  2.80it/s, loss=3.19e-5]
Training epoch 26:  84%|████████▍ | 21/25 [00:07<00:01,  2.80it/s, loss=3.02e-5]
Training epoch 26:  96%|█████████▌| 24/25 [00:08<00:00,  2.81it/s, loss=3.37e-5]
                                                                                

Validation epoch 26:   0%|          | 0/5 [00:00<?, ?it/s]
                                                          

Training epoch 27:   0%|          | 0/25 [00:00<?, ?it/s]
Training epoch 27:  12%|█▏        | 3/25 [00:01<00:08,  2.58it/s, loss=3.03e-5]
Training epoch 27:  24%|██▍       | 6/25 [00:02<00:07,  2.71it/s, loss=3.19e-5]
Training epoch 27:  36%|███▌      | 9/25 [00:03<00:05,  2.76it/s, loss=2.77e-5]
Training epoch 27:  48%|████▊     | 12/25 [00:04<00:04,  2.78it/s, loss=2.86e-5]
Training epoch 27:  60%|██████    | 15/25 [00:05<00:03,  2.79it/s, loss=2.86e-5]
Training epoch 27:  72%|███████▏  | 18/25 [00:06<00:02,  2.80it/s, loss=3.13e-5]
Training epoch 27:  84%|████████▍ | 21/25 [00:07<00:01,  2.80it/s, loss=2.65e-5]
Training epoch 27:  96%|█████████▌| 24/25 [00:08<00:00,  2.80it/s, loss=2.68e-5]
                                                                                

Validation epoch 27:   0%|          | 0/5 [00:00<?, ?it/s]
                                                          

Training epoch 28:   0%|          | 0/25 [00:00<?, ?it/s]
Training epoch 28:  12%|█▏        | 3/25 [00:01<00:08,  2.58it/s, loss=3.17e-5]
Training epoch 28:  24%|██▍       | 6/25 [00:02<00:07,  2.71it/s, loss=3.06e-5]
Training epoch 28:  36%|███▌      | 9/25 [00:03<00:05,  2.75it/s, loss=3.24e-5]
Training epoch 28:  48%|████▊     | 12/25 [00:04<00:04,  2.77it/s, loss=2.95e-5]
Training epoch 28:  60%|██████    | 15/25 [00:05<00:03,  2.79it/s, loss=2.84e-5]
Training epoch 28:  72%|███████▏  | 18/25 [00:06<00:02,  2.80it/s, loss=3.17e-5]
Training epoch 28:  84%|████████▍ | 21/25 [00:07<00:01,  2.80it/s, loss=3.25e-5]
Training epoch 28:  96%|█████████▌| 24/25 [00:08<00:00,  2.80it/s, loss=2.86e-5]
                                                                                

Validation epoch 28:   0%|          | 0/5 [00:00<?, ?it/s]
                                                          

Training epoch 29:   0%|          | 0/25 [00:00<?, ?it/s]
Training epoch 29:  12%|█▏        | 3/25 [00:01<00:08,  2.60it/s, loss=3.23e-5]
Training epoch 29:  24%|██▍       | 6/25 [00:02<00:06,  2.72it/s, loss=3.12e-5]
Training epoch 29:  36%|███▌      | 9/25 [00:03<00:05,  2.76it/s, loss=3.31e-5]
Training epoch 29:  48%|████▊     | 12/25 [00:04<00:04,  2.78it/s, loss=2.88e-5]
Training epoch 29:  60%|██████    | 15/25 [00:05<00:03,  2.79it/s, loss=3.27e-5]
Training epoch 29:  72%|███████▏  | 18/25 [00:06<00:02,  2.80it/s, loss=2.76e-5]
Training epoch 29:  84%|████████▍ | 21/25 [00:07<00:01,  2.80it/s, loss=3.09e-5]
Training epoch 29:  96%|█████████▌| 24/25 [00:08<00:00,  2.80it/s, loss=3.04e-5]
                                                                                

Validation epoch 29:   0%|          | 0/5 [00:00<?, ?it/s]
                                                          

Training epoch 30:   0%|          | 0/25 [00:00<?, ?it/s]
Training epoch 30:  12%|█▏        | 3/25 [00:01<00:08,  2.69it/s, loss=3.16e-5]
Training epoch 30:  24%|██▍       | 6/25 [00:02<00:06,  2.76it/s, loss=2.86e-5]
Training epoch 30:  36%|███▌      | 9/25 [00:03<00:05,  2.79it/s, loss=3.15e-5]
Training epoch 30:  48%|████▊     | 12/25 [00:04<00:04,  2.80it/s, loss=2.68e-5]
Training epoch 30:  60%|██████    | 15/25 [00:05<00:03,  2.81it/s, loss=2.94e-5]
Training epoch 30:  72%|███████▏  | 18/25 [00:06<00:02,  2.81it/s, loss=3.22e-5]
Training epoch 30:  84%|████████▍ | 21/25 [00:07<00:01,  2.81it/s, loss=2.94e-5]
Training epoch 30:  96%|█████████▌| 24/25 [00:08<00:00,  2.82it/s, loss=2.87e-5]
                                                                                

Validation epoch 30:   0%|          | 0/5 [00:00<?, ?it/s]
                                                          

Training epoch 31:   0%|          | 0/25 [00:00<?, ?it/s]
Training epoch 31:  12%|█▏        | 3/25 [00:01<00:08,  2.69it/s, loss=3.37e-5]
Training epoch 31:  24%|██▍       | 6/25 [00:02<00:06,  2.77it/s, loss=2.69e-5]
Training epoch 31:  36%|███▌      | 9/25 [00:03<00:05,  2.80it/s, loss=2.7e-5] 
Training epoch 31:  48%|████▊     | 12/25 [00:04<00:04,  2.81it/s, loss=3.1e-5]
Training epoch 31:  60%|██████    | 15/25 [00:05<00:03,  2.81it/s, loss=2.8e-5]
Training epoch 31:  72%|███████▏  | 18/25 [00:06<00:02,  2.82it/s, loss=3.09e-5]
Training epoch 31:  84%|████████▍ | 21/25 [00:07<00:01,  2.82it/s, loss=2.56e-5]
Training epoch 31:  96%|█████████▌| 24/25 [00:08<00:00,  2.82it/s, loss=3.11e-5]
                                                                                

Validation epoch 31:   0%|          | 0/5 [00:00<?, ?it/s]
                                                          

Training epoch 32:   0%|          | 0/25 [00:00<?, ?it/s]
Training epoch 32:  12%|█▏        | 3/25 [00:01<00:08,  2.69it/s, loss=3.51e-5]
Training epoch 32:  24%|██▍       | 6/25 [00:02<00:06,  2.77it/s, loss=3.29e-5]
Training epoch 32:  36%|███▌      | 9/25 [00:03<00:05,  2.79it/s, loss=2.97e-5]
Training epoch 32:  48%|████▊     | 12/25 [00:04<00:04,  2.81it/s, loss=3.18e-5]
Training epoch 32:  60%|██████    | 15/25 [00:05<00:03,  2.81it/s, loss=3.09e-5]
Training epoch 32:  72%|███████▏  | 18/25 [00:06<00:02,  2.82it/s, loss=3.23e-5]
Training epoch 32:  84%|████████▍ | 21/25 [00:07<00:01,  2.82it/s, loss=3.28e-5]
Training epoch 32:  96%|█████████▌| 24/25 [00:08<00:00,  2.82it/s, loss=2.71e-5]
                                                                                

Validation epoch 32:   0%|          | 0/5 [00:00<?, ?it/s]
                                                          

Training epoch 33:   0%|          | 0/25 [00:00<?, ?it/s]
Training epoch 33:  12%|█▏        | 3/25 [00:01<00:08,  2.70it/s, loss=2.89e-5]
Training epoch 33:  24%|██▍       | 6/25 [00:02<00:06,  2.77it/s, loss=2.85e-5]
Training epoch 33:  36%|███▌      | 9/25 [00:03<00:05,  2.80it/s, loss=3.13e-5]
Training epoch 33:  48%|████▊     | 12/25 [00:04<00:04,  2.81it/s, loss=2.68e-5]
Training epoch 33:  60%|██████    | 15/25 [00:05<00:03,  2.82it/s, loss=3.1e-5] 
Training epoch 33:  72%|███████▏  | 18/25 [00:06<00:02,  2.82it/s, loss=2.79e-5]
Training epoch 33:  84%|████████▍ | 21/25 [00:07<00:01,  2.82it/s, loss=2.9e-5] 
Training epoch 33:  96%|█████████▌| 24/25 [00:08<00:00,  2.83it/s, loss=3.03e-5]
                                                                                

Validation epoch 33:   0%|          | 0/5 [00:00<?, ?it/s]
                                                          

Training epoch 34:   0%|          | 0/25 [00:00<?, ?it/s]
Training epoch 34:  12%|█▏        | 3/25 [00:01<00:08,  2.70it/s, loss=2.81e-5]
Training epoch 34:  24%|██▍       | 6/25 [00:02<00:06,  2.77it/s, loss=3.4e-5] 
Training epoch 34:  36%|███▌      | 9/25 [00:03<00:05,  2.80it/s, loss=2.95e-5]
Training epoch 34:  48%|████▊     | 12/25 [00:04<00:04,  2.81it/s, loss=3.39e-5]
Training epoch 34:  60%|██████    | 15/25 [00:05<00:03,  2.82it/s, loss=2.88e-5]
Training epoch 34:  72%|███████▏  | 18/25 [00:06<00:02,  2.82it/s, loss=3.2e-5] 
Training epoch 34:  84%|████████▍ | 21/25 [00:07<00:01,  2.82it/s, loss=2.99e-5]
Training epoch 34:  96%|█████████▌| 24/25 [00:08<00:00,  2.83it/s, loss=3.03e-5]
                                                                                

Validation epoch 34:   0%|          | 0/5 [00:00<?, ?it/s]
                                                          

Training epoch 35:   0%|          | 0/25 [00:00<?, ?it/s]
Training epoch 35:  12%|█▏        | 3/25 [00:01<00:08,  2.70it/s, loss=2.97e-5]
Training epoch 35:  24%|██▍       | 6/25 [00:02<00:06,  2.78it/s, loss=3.38e-5]
Training epoch 35:  36%|███▌      | 9/25 [00:03<00:05,  2.80it/s, loss=3.06e-5]
Training epoch 35:  48%|████▊     | 12/25 [00:04<00:04,  2.81it/s, loss=2.95e-5]
Training epoch 35:  60%|██████    | 15/25 [00:05<00:03,  2.82it/s, loss=2.89e-5]
Training epoch 35:  72%|███████▏  | 18/25 [00:06<00:02,  2.82it/s, loss=2.9e-5] 
Training epoch 35:  84%|████████▍ | 21/25 [00:07<00:01,  2.83it/s, loss=3.09e-5]
Training epoch 35:  96%|█████████▌| 24/25 [00:08<00:00,  2.83it/s, loss=2.71e-5]
                                                                                

Validation epoch 35:   0%|          | 0/5 [00:00<?, ?it/s]
                                                          

Training epoch 36:   0%|          | 0/25 [00:00<?, ?it/s]
Training epoch 36:  12%|█▏        | 3/25 [00:01<00:08,  2.71it/s, loss=3.11e-5]
Training epoch 36:  24%|██▍       | 6/25 [00:02<00:06,  2.78it/s, loss=2.88e-5]
Training epoch 36:  36%|███▌      | 9/25 [00:03<00:05,  2.80it/s, loss=2.77e-5]
Training epoch 36:  48%|████▊     | 12/25 [00:04<00:04,  2.81it/s, loss=2.69e-5]
Training epoch 36:  60%|██████    | 15/25 [00:05<00:03,  2.82it/s, loss=3.24e-5]
Training epoch 36:  72%|███████▏  | 18/25 [00:06<00:02,  2.82it/s, loss=3e-5]   
Training epoch 36:  84%|████████▍ | 21/25 [00:07<00:01,  2.82it/s, loss=2.56e-5]
Training epoch 36:  96%|█████████▌| 24/25 [00:08<00:00,  2.82it/s, loss=2.73e-5]
                                                                                

Validation epoch 36:   0%|          | 0/5 [00:00<?, ?it/s]
                                                          

Training epoch 37:   0%|          | 0/25 [00:00<?, ?it/s]
Training epoch 37:  12%|█▏        | 3/25 [00:01<00:08,  2.70it/s, loss=2.98e-5]
Training epoch 37:  24%|██▍       | 6/25 [00:02<00:06,  2.77it/s, loss=3.08e-5]
Training epoch 37:  36%|███▌      | 9/25 [00:03<00:05,  2.80it/s, loss=2.77e-5]
Training epoch 37:  48%|████▊     | 12/25 [00:04<00:04,  2.81it/s, loss=3.06e-5]
Training epoch 37:  60%|██████    | 15/25 [00:05<00:03,  2.82it/s, loss=2.9e-5] 
Training epoch 37:  72%|███████▏  | 18/25 [00:06<00:02,  2.82it/s, loss=2.81e-5]
Training epoch 37:  84%|████████▍ | 21/25 [00:07<00:01,  2.82it/s, loss=3.19e-5]
Training epoch 37:  96%|█████████▌| 24/25 [00:08<00:00,  2.83it/s, loss=2.94e-5]
                                                                                

Validation epoch 37:   0%|          | 0/5 [00:00<?, ?it/s]
                                                          

Training epoch 38:   0%|          | 0/25 [00:00<?, ?it/s]
Training epoch 38:  12%|█▏        | 3/25 [00:01<00:08,  2.71it/s, loss=2.81e-5]
Training epoch 38:  24%|██▍       | 6/25 [00:02<00:06,  2.78it/s, loss=3.02e-5]
Training epoch 38:  36%|███▌      | 9/25 [00:03<00:05,  2.80it/s, loss=3.44e-5]
Training epoch 38:  48%|████▊     | 12/25 [00:04<00:04,  2.81it/s, loss=3.09e-5]
Training epoch 38:  60%|██████    | 15/25 [00:05<00:03,  2.82it/s, loss=2.84e-5]
Training epoch 38:  72%|███████▏  | 18/25 [00:06<00:02,  2.82it/s, loss=3.15e-5]
Training epoch 38:  84%|████████▍ | 21/25 [00:07<00:01,  2.83it/s, loss=3.16e-5]
Training epoch 38:  96%|█████████▌| 24/25 [00:08<00:00,  2.83it/s, loss=2.82e-5]
                                                                                

Validation epoch 38:   0%|          | 0/5 [00:00<?, ?it/s]
                                                          

Training epoch 39:   0%|          | 0/25 [00:00<?, ?it/s]
Training epoch 39:  12%|█▏        | 3/25 [00:01<00:08,  2.70it/s, loss=2.64e-5]
Training epoch 39:  24%|██▍       | 6/25 [00:02<00:06,  2.77it/s, loss=2.87e-5]
Training epoch 39:  36%|███▌      | 9/25 [00:03<00:05,  2.80it/s, loss=2.77e-5]
Training epoch 39:  48%|████▊     | 12/25 [00:04<00:04,  2.81it/s, loss=2.89e-5]
Training epoch 39:  60%|██████    | 15/25 [00:05<00:03,  2.82it/s, loss=3.04e-5]
Training epoch 39:  72%|███████▏  | 18/25 [00:06<00:02,  2.82it/s, loss=3.06e-5]
Training epoch 39:  84%|████████▍ | 21/25 [00:07<00:01,  2.83it/s, loss=2.94e-5]
Training epoch 39:  96%|█████████▌| 24/25 [00:08<00:00,  2.83it/s, loss=2.96e-5]
                                                                                

Validation epoch 39:   0%|          | 0/5 [00:00<?, ?it/s]
                                                          

Training epoch 40:   0%|          | 0/25 [00:00<?, ?it/s]
Training epoch 40:  12%|█▏        | 3/25 [00:01<00:08,  2.71it/s, loss=2.92e-5]
Training epoch 40:  24%|██▍       | 6/25 [00:02<00:06,  2.78it/s, loss=2.78e-5]
Training epoch 40:  36%|███▌      | 9/25 [00:03<00:05,  2.80it/s, loss=2.98e-5]
Training epoch 40:  48%|████▊     | 12/25 [00:04<00:04,  2.81it/s, loss=2.83e-5]
Training epoch 40:  60%|██████    | 15/25 [00:05<00:03,  2.82it/s, loss=3.25e-5]
Training epoch 40:  72%|███████▏  | 18/25 [00:06<00:02,  2.82it/s, loss=3.04e-5]
Training epoch 40:  84%|████████▍ | 21/25 [00:07<00:01,  2.83it/s, loss=2.93e-5]
Training epoch 40:  96%|█████████▌| 24/25 [00:08<00:00,  2.83it/s, loss=3.01e-5]
                                                                                

Validation epoch 40:   0%|          | 0/5 [00:00<?, ?it/s]
                                                          

Training epoch 41:   0%|          | 0/25 [00:00<?, ?it/s]
Training epoch 41:  12%|█▏        | 3/25 [00:01<00:08,  2.71it/s, loss=3.13e-5]
Training epoch 41:  24%|██▍       | 6/25 [00:02<00:06,  2.78it/s, loss=2.75e-5]
Training epoch 41:  36%|███▌      | 9/25 [00:03<00:05,  2.80it/s, loss=3.03e-5]
Training epoch 41:  48%|████▊     | 12/25 [00:04<00:04,  2.82it/s, loss=3.01e-5]
Training epoch 41:  60%|██████    | 15/25 [00:05<00:03,  2.82it/s, loss=2.9e-5] 
Training epoch 41:  72%|███████▏  | 18/25 [00:06<00:02,  2.83it/s, loss=3.2e-5]
Training epoch 41:  84%|████████▍ | 21/25 [00:07<00:01,  2.83it/s, loss=3.23e-5]
Training epoch 41:  96%|█████████▌| 24/25 [00:08<00:00,  2.83it/s, loss=2.83e-5]
                                                                                

Validation epoch 41:   0%|          | 0/5 [00:00<?, ?it/s]
                                                          

Training epoch 42:   0%|          | 0/25 [00:00<?, ?it/s]
Training epoch 42:  12%|█▏        | 3/25 [00:01<00:08,  2.72it/s, loss=2.8e-5]
Training epoch 42:  24%|██▍       | 6/25 [00:02<00:06,  2.78it/s, loss=3.08e-5]
Training epoch 42:  36%|███▌      | 9/25 [00:03<00:05,  2.80it/s, loss=2.95e-5]
Training epoch 42:  48%|████▊     | 12/25 [00:04<00:04,  2.81it/s, loss=2.77e-5]
Training epoch 42:  60%|██████    | 15/25 [00:05<00:03,  2.82it/s, loss=3.15e-5]
Training epoch 42:  72%|███████▏  | 18/25 [00:06<00:02,  2.82it/s, loss=2.61e-5]
Training epoch 42:  84%|████████▍ | 21/25 [00:07<00:01,  2.83it/s, loss=3.17e-5]
Training epoch 42:  96%|█████████▌| 24/25 [00:08<00:00,  2.83it/s, loss=2.9e-5] 
                                                                               

Validation epoch 42:   0%|          | 0/5 [00:00<?, ?it/s]
                                                          

Training epoch 43:   0%|          | 0/25 [00:00<?, ?it/s]
Training epoch 43:  12%|█▏        | 3/25 [00:01<00:08,  2.70it/s, loss=2.93e-5]
Training epoch 43:  24%|██▍       | 6/25 [00:02<00:06,  2.78it/s, loss=2.88e-5]
Training epoch 43:  36%|███▌      | 9/25 [00:03<00:05,  2.80it/s, loss=3.15e-5]
Training epoch 43:  48%|████▊     | 12/25 [00:04<00:04,  2.81it/s, loss=3.17e-5]
Training epoch 43:  60%|██████    | 15/25 [00:05<00:03,  2.82it/s, loss=2.59e-5]
Training epoch 43:  72%|███████▏  | 18/25 [00:06<00:02,  2.83it/s, loss=3.19e-5]
Training epoch 43:  84%|████████▍ | 21/25 [00:07<00:01,  2.83it/s, loss=2.99e-5]
Training epoch 43:  96%|█████████▌| 24/25 [00:08<00:00,  2.83it/s, loss=2.74e-5]
                                                                                

Validation epoch 43:   0%|          | 0/5 [00:00<?, ?it/s]
                                                          

Training epoch 44:   0%|          | 0/25 [00:00<?, ?it/s]
Training epoch 44:  12%|█▏        | 3/25 [00:01<00:08,  2.71it/s, loss=3.21e-5]
Training epoch 44:  24%|██▍       | 6/25 [00:02<00:06,  2.78it/s, loss=2.91e-5]
Training epoch 44:  36%|███▌      | 9/25 [00:03<00:05,  2.81it/s, loss=2.71e-5]
Training epoch 44:  48%|████▊     | 12/25 [00:04<00:04,  2.82it/s, loss=2.89e-5]
Training epoch 44:  60%|██████    | 15/25 [00:05<00:03,  2.82it/s, loss=2.78e-5]
Training epoch 44:  72%|███████▏  | 18/25 [00:06<00:02,  2.83it/s, loss=2.88e-5]
Training epoch 44:  84%|████████▍ | 21/25 [00:07<00:01,  2.83it/s, loss=2.9e-5] 
Training epoch 44:  96%|█████████▌| 24/25 [00:08<00:00,  2.83it/s, loss=2.65e-5]
                                                                                

Validation epoch 44:   0%|          | 0/5 [00:00<?, ?it/s]
                                                          

Training epoch 45:   0%|          | 0/25 [00:00<?, ?it/s]
Training epoch 45:  12%|█▏        | 3/25 [00:01<00:08,  2.71it/s, loss=2.95e-5]
Training epoch 45:  24%|██▍       | 6/25 [00:02<00:06,  2.78it/s, loss=2.85e-5]
Training epoch 45:  36%|███▌      | 9/25 [00:03<00:05,  2.81it/s, loss=2.93e-5]
Training epoch 45:  48%|████▊     | 12/25 [00:04<00:04,  2.82it/s, loss=2.68e-5]
Training epoch 45:  60%|██████    | 15/25 [00:05<00:03,  2.82it/s, loss=2.86e-5]
Training epoch 45:  72%|███████▏  | 18/25 [00:06<00:02,  2.83it/s, loss=2.83e-5]
Training epoch 45:  84%|████████▍ | 21/25 [00:07<00:01,  2.83it/s, loss=2.98e-5]
Training epoch 45:  96%|█████████▌| 24/25 [00:08<00:00,  2.83it/s, loss=2.73e-5]
                                                                                

Validation epoch 45:   0%|          | 0/5 [00:00<?, ?it/s]
                                                          

Training epoch 46:   0%|          | 0/25 [00:00<?, ?it/s]
Training epoch 46:  12%|█▏        | 3/25 [00:01<00:08,  2.71it/s, loss=2.97e-5]
Training epoch 46:  24%|██▍       | 6/25 [00:02<00:06,  2.78it/s, loss=2.76e-5]
Training epoch 46:  36%|███▌      | 9/25 [00:03<00:05,  2.80it/s, loss=2.92e-5]
Training epoch 46:  48%|████▊     | 12/25 [00:04<00:04,  2.82it/s, loss=2.75e-5]
Training epoch 46:  60%|██████    | 15/25 [00:05<00:03,  2.82it/s, loss=2.72e-5]
Training epoch 46:  72%|███████▏  | 18/25 [00:06<00:02,  2.82it/s, loss=2.92e-5]
Training epoch 46:  84%|████████▍ | 21/25 [00:07<00:01,  2.83it/s, loss=3.26e-5]
Training epoch 46:  96%|█████████▌| 24/25 [00:08<00:00,  2.83it/s, loss=2.89e-5]
                                                                                

Validation epoch 46:   0%|          | 0/5 [00:00<?, ?it/s]
                                                          

Training epoch 47:   0%|          | 0/25 [00:00<?, ?it/s]
Training epoch 47:  12%|█▏        | 3/25 [00:01<00:08,  2.71it/s, loss=2.59e-5]
Training epoch 47:  24%|██▍       | 6/25 [00:02<00:06,  2.78it/s, loss=2.49e-5]
Training epoch 47:  36%|███▌      | 9/25 [00:03<00:05,  2.80it/s, loss=2.77e-5]
Training epoch 47:  48%|████▊     | 12/25 [00:04<00:04,  2.82it/s, loss=3.14e-5]
Training epoch 47:  60%|██████    | 15/25 [00:05<00:03,  2.82it/s, loss=2.76e-5]
Training epoch 47:  72%|███████▏  | 18/25 [00:06<00:02,  2.82it/s, loss=2.52e-5]
Training epoch 47:  84%|████████▍ | 21/25 [00:07<00:01,  2.83it/s, loss=2.77e-5]
Training epoch 47:  96%|█████████▌| 24/25 [00:08<00:00,  2.83it/s, loss=3.1e-5] 
                                                                               

Validation epoch 47:   0%|          | 0/5 [00:00<?, ?it/s]
                                                          

Training epoch 48:   0%|          | 0/25 [00:00<?, ?it/s]
Training epoch 48:  12%|█▏        | 3/25 [00:01<00:08,  2.71it/s, loss=2.62e-5]
Training epoch 48:  24%|██▍       | 6/25 [00:02<00:06,  2.78it/s, loss=2.99e-5]
Training epoch 48:  36%|███▌      | 9/25 [00:03<00:05,  2.80it/s, loss=2.84e-5]
Training epoch 48:  48%|████▊     | 12/25 [00:04<00:04,  2.81it/s, loss=2.85e-5]
Training epoch 48:  60%|██████    | 15/25 [00:05<00:03,  2.82it/s, loss=2.96e-5]
Training epoch 48:  72%|███████▏  | 18/25 [00:06<00:02,  2.82it/s, loss=2.9e-5] 
Training epoch 48:  84%|████████▍ | 21/25 [00:07<00:01,  2.83it/s, loss=2.96e-5]
Training epoch 48:  96%|█████████▌| 24/25 [00:08<00:00,  2.83it/s, loss=2.69e-5]
                                                                                

Validation epoch 48:   0%|          | 0/5 [00:00<?, ?it/s]
                                                          

Training epoch 49:   0%|          | 0/25 [00:00<?, ?it/s]
Training epoch 49:  12%|█▏        | 3/25 [00:01<00:08,  2.70it/s, loss=2.63e-5]
Training epoch 49:  24%|██▍       | 6/25 [00:02<00:06,  2.78it/s, loss=2.94e-5]
Training epoch 49:  36%|███▌      | 9/25 [00:03<00:05,  2.80it/s, loss=2.95e-5]
Training epoch 49:  48%|████▊     | 12/25 [00:04<00:04,  2.81it/s, loss=2.78e-5]
Training epoch 49:  60%|██████    | 15/25 [00:05<00:03,  2.82it/s, loss=2.96e-5]
Training epoch 49:  72%|███████▏  | 18/25 [00:06<00:02,  2.82it/s, loss=2.67e-5]
Training epoch 49:  84%|████████▍ | 21/25 [00:07<00:01,  2.83it/s, loss=2.9e-5] 
Training epoch 49:  96%|█████████▌| 24/25 [00:08<00:00,  2.83it/s, loss=2.85e-5]
                                                                                

Validation epoch 49:   0%|          | 0/5 [00:00<?, ?it/s]
                                                          

Training epoch 50:   0%|          | 0/25 [00:00<?, ?it/s]
Training epoch 50:  12%|█▏        | 3/25 [00:01<00:08,  2.71it/s, loss=2.87e-5]
Training epoch 50:  24%|██▍       | 6/25 [00:02<00:06,  2.78it/s, loss=3.23e-5]
Training epoch 50:  36%|███▌      | 9/25 [00:03<00:05,  2.80it/s, loss=2.93e-5]
Training epoch 50:  48%|████▊     | 12/25 [00:04<00:04,  2.81it/s, loss=2.85e-5]
Training epoch 50:  60%|██████    | 15/25 [00:05<00:03,  2.82it/s, loss=2.97e-5]
Training epoch 50:  72%|███████▏  | 18/25 [00:06<00:02,  2.82it/s, loss=2.61e-5]
Training epoch 50:  84%|████████▍ | 21/25 [00:07<00:01,  2.83it/s, loss=2.84e-5]
Training epoch 50:  96%|█████████▌| 24/25 [00:08<00:00,  2.83it/s, loss=2.47e-5]
                                                                                

Eval Franka Kitchen:   0%|          | 0/10 [00:00<?, ?it/s]
Eval Franka Kitchen:  30%|███       | 3/10 [00:05<00:13,  1.88s/it]
Eval Franka Kitchen:  60%|██████    | 6/10 [00:11<00:07,  1.87s/it]
Eval Franka Kitchen:  90%|█████████ | 9/10 [00:16<00:01,  1.88s/it]
                                                                   

Validation epoch 50:   0%|          | 0/5 [00:00<?, ?it/s]
                                                          

Training epoch 51:   0%|          | 0/25 [00:00<?, ?it/s]
Training epoch 51:  12%|█▏        | 3/25 [00:01<00:08,  2.71it/s, loss=2.9e-5]
Training epoch 51:  24%|██▍       | 6/25 [00:02<00:06,  2.78it/s, loss=2.84e-5]
Training epoch 51:  36%|███▌      | 9/25 [00:03<00:05,  2.81it/s, loss=2.77e-5]
Training epoch 51:  48%|████▊     | 12/25 [00:04<00:04,  2.82it/s, loss=3.02e-5]
Training epoch 51:  60%|██████    | 15/25 [00:05<00:03,  2.82it/s, loss=2.81e-5]
Training epoch 51:  72%|███████▏  | 18/25 [00:06<00:02,  2.83it/s, loss=2.71e-5]
Training epoch 51:  84%|████████▍ | 21/25 [00:07<00:01,  2.83it/s, loss=3.07e-5]
Training epoch 51:  96%|█████████▌| 24/25 [00:08<00:00,  2.83it/s, loss=3.27e-5]
                                                                                

Validation epoch 51:   0%|          | 0/5 [00:00<?, ?it/s]
                                                          

Training epoch 52:   0%|          | 0/25 [00:00<?, ?it/s]
Training epoch 52:  12%|█▏        | 3/25 [00:01<00:08,  2.71it/s, loss=2.65e-5]
Training epoch 52:  24%|██▍       | 6/25 [00:02<00:06,  2.78it/s, loss=2.87e-5]
Training epoch 52:  36%|███▌      | 9/25 [00:03<00:05,  2.81it/s, loss=2.47e-5]
Training epoch 52:  48%|████▊     | 12/25 [00:04<00:04,  2.82it/s, loss=3e-5]  
Training epoch 52:  60%|██████    | 15/25 [00:05<00:03,  2.82it/s, loss=2.95e-5]
Training epoch 52:  72%|███████▏  | 18/25 [00:06<00:02,  2.83it/s, loss=2.97e-5]
Training epoch 52:  84%|████████▍ | 21/25 [00:07<00:01,  2.83it/s, loss=2.62e-5]
Training epoch 52:  96%|█████████▌| 24/25 [00:08<00:00,  2.83it/s, loss=2.84e-5]
                                                                                

Validation epoch 52:   0%|          | 0/5 [00:00<?, ?it/s]
                                                          

Training epoch 53:   0%|          | 0/25 [00:00<?, ?it/s]
Training epoch 53:  12%|█▏        | 3/25 [00:01<00:08,  2.70it/s, loss=2.6e-5]
Training epoch 53:  24%|██▍       | 6/25 [00:02<00:06,  2.78it/s, loss=2.58e-5]
Training epoch 53:  36%|███▌      | 9/25 [00:03<00:05,  2.81it/s, loss=2.76e-5]
Training epoch 53:  48%|████▊     | 12/25 [00:04<00:04,  2.82it/s, loss=2.71e-5]
Training epoch 53:  60%|██████    | 15/25 [00:05<00:03,  2.82it/s, loss=2.91e-5]
Training epoch 53:  72%|███████▏  | 18/25 [00:06<00:02,  2.83it/s, loss=2.94e-5]
Training epoch 53:  84%|████████▍ | 21/25 [00:07<00:01,  2.83it/s, loss=2.68e-5]
Training epoch 53:  96%|█████████▌| 24/25 [00:08<00:00,  2.83it/s, loss=2.91e-5]
                                                                                

Validation epoch 53:   0%|          | 0/5 [00:00<?, ?it/s]
                                                          

Training epoch 54:   0%|          | 0/25 [00:00<?, ?it/s]
Training epoch 54:  12%|█▏        | 3/25 [00:01<00:08,  2.71it/s, loss=2.94e-5]
Training epoch 54:  24%|██▍       | 6/25 [00:02<00:06,  2.79it/s, loss=2.83e-5]
Training epoch 54:  36%|███▌      | 9/25 [00:03<00:05,  2.81it/s, loss=3.26e-5]
Training epoch 54:  48%|████▊     | 12/25 [00:04<00:04,  2.82it/s, loss=2.87e-5]
Training epoch 54:  60%|██████    | 15/25 [00:05<00:03,  2.83it/s, loss=3.03e-5]
Training epoch 54:  72%|███████▏  | 18/25 [00:06<00:02,  2.83it/s, loss=2.93e-5]
Training epoch 54:  84%|████████▍ | 21/25 [00:07<00:01,  2.83it/s, loss=2.57e-5]
Training epoch 54:  96%|█████████▌| 24/25 [00:08<00:00,  2.83it/s, loss=2.82e-5]
                                                                                

Validation epoch 54:   0%|          | 0/5 [00:00<?, ?it/s]
                                                          

Training epoch 55:   0%|          | 0/25 [00:00<?, ?it/s]
Training epoch 55:  12%|█▏        | 3/25 [00:01<00:08,  2.71it/s, loss=3.05e-5]
Training epoch 55:  24%|██▍       | 6/25 [00:02<00:06,  2.78it/s, loss=2.86e-5]
Training epoch 55:  36%|███▌      | 9/25 [00:03<00:05,  2.81it/s, loss=2.71e-5]
Training epoch 55:  48%|████▊     | 12/25 [00:04<00:04,  2.82it/s, loss=2.87e-5]
Training epoch 55:  60%|██████    | 15/25 [00:05<00:03,  2.82it/s, loss=3.06e-5]
Training epoch 55:  72%|███████▏  | 18/25 [00:06<00:02,  2.83it/s, loss=2.9e-5] 
Training epoch 55:  84%|████████▍ | 21/25 [00:07<00:01,  2.83it/s, loss=2.67e-5]
Training epoch 55:  96%|█████████▌| 24/25 [00:08<00:00,  2.83it/s, loss=2.77e-5]
                                                                                

Validation epoch 55:   0%|          | 0/5 [00:00<?, ?it/s]
                                                          

Training epoch 56:   0%|          | 0/25 [00:00<?, ?it/s]
Training epoch 56:  12%|█▏        | 3/25 [00:01<00:08,  2.71it/s, loss=3.19e-5]
Training epoch 56:  24%|██▍       | 6/25 [00:02<00:06,  2.78it/s, loss=2.7e-5] 
Training epoch 56:  36%|███▌      | 9/25 [00:03<00:05,  2.81it/s, loss=2.55e-5]
Training epoch 56:  48%|████▊     | 12/25 [00:04<00:04,  2.82it/s, loss=2.88e-5]
Training epoch 56:  60%|██████    | 15/25 [00:05<00:03,  2.82it/s, loss=3.02e-5]
Training epoch 56:  72%|███████▏  | 18/25 [00:06<00:02,  2.83it/s, loss=3.07e-5]
Training epoch 56:  84%|████████▍ | 21/25 [00:07<00:01,  2.83it/s, loss=3.13e-5]
Training epoch 56:  96%|█████████▌| 24/25 [00:08<00:00,  2.83it/s, loss=2.88e-5]
                                                                                

Validation epoch 56:   0%|          | 0/5 [00:00<?, ?it/s]
                                                          

Training epoch 57:   0%|          | 0/25 [00:00<?, ?it/s]
Training epoch 57:  12%|█▏        | 3/25 [00:01<00:08,  2.72it/s, loss=2.73e-5]
Training epoch 57:  24%|██▍       | 6/25 [00:02<00:06,  2.78it/s, loss=2.75e-5]
Training epoch 57:  36%|███▌      | 9/25 [00:03<00:05,  2.81it/s, loss=2.68e-5]
Training epoch 57:  48%|████▊     | 12/25 [00:04<00:04,  2.82it/s, loss=2.64e-5]
Training epoch 57:  60%|██████    | 15/25 [00:05<00:03,  2.83it/s, loss=2.78e-5]
Training epoch 57:  72%|███████▏  | 18/25 [00:06<00:02,  2.83it/s, loss=2.98e-5]
Training epoch 57:  84%|████████▍ | 21/25 [00:07<00:01,  2.83it/s, loss=2.52e-5]
Training epoch 57:  96%|█████████▌| 24/25 [00:08<00:00,  2.83it/s, loss=2.53e-5]
                                                                                

Validation epoch 57:   0%|          | 0/5 [00:00<?, ?it/s]
                                                          

Training epoch 58:   0%|          | 0/25 [00:00<?, ?it/s]
Training epoch 58:  12%|█▏        | 3/25 [00:01<00:08,  2.71it/s, loss=2.79e-5]
Training epoch 58:  24%|██▍       | 6/25 [00:02<00:06,  2.78it/s, loss=2.8e-5] 
Training epoch 58:  36%|███▌      | 9/25 [00:03<00:05,  2.81it/s, loss=2.64e-5]
Training epoch 58:  48%|████▊     | 12/25 [00:04<00:04,  2.82it/s, loss=2.86e-5]
Training epoch 58:  60%|██████    | 15/25 [00:05<00:03,  2.82it/s, loss=2.76e-5]
Training epoch 58:  72%|███████▏  | 18/25 [00:06<00:02,  2.83it/s, loss=2.87e-5]
Training epoch 58:  84%|████████▍ | 21/25 [00:07<00:01,  2.83it/s, loss=2.91e-5]
Training epoch 58:  96%|█████████▌| 24/25 [00:08<00:00,  2.83it/s, loss=2.68e-5]
                                                                                

Validation epoch 58:   0%|          | 0/5 [00:00<?, ?it/s]
                                                          

Training epoch 59:   0%|          | 0/25 [00:00<?, ?it/s]
Training epoch 59:  12%|█▏        | 3/25 [00:01<00:08,  2.71it/s, loss=2.74e-5]
Training epoch 59:  24%|██▍       | 6/25 [00:02<00:06,  2.78it/s, loss=2.88e-5]
Training epoch 59:  36%|███▌      | 9/25 [00:03<00:05,  2.81it/s, loss=2.89e-5]
Training epoch 59:  48%|████▊     | 12/25 [00:04<00:04,  2.82it/s, loss=2.56e-5]
Training epoch 59:  60%|██████    | 15/25 [00:05<00:03,  2.82it/s, loss=3.07e-5]
Training epoch 59:  72%|███████▏  | 18/25 [00:06<00:02,  2.83it/s, loss=2.63e-5]
Training epoch 59:  84%|████████▍ | 21/25 [00:07<00:01,  2.83it/s, loss=2.63e-5]
Training epoch 59:  96%|█████████▌| 24/25 [00:08<00:00,  2.83it/s, loss=2.44e-5]
                                                                                

Validation epoch 59:   0%|          | 0/5 [00:00<?, ?it/s]
                                                          

Training epoch 60:   0%|          | 0/25 [00:00<?, ?it/s]
Training epoch 60:  12%|█▏        | 3/25 [00:01<00:08,  2.62it/s, loss=2.63e-5]
Training epoch 60:  24%|██▍       | 6/25 [00:02<00:06,  2.74it/s, loss=2.85e-5]
Training epoch 60:  36%|███▌      | 9/25 [00:03<00:05,  2.78it/s, loss=2.6e-5] 
Training epoch 60:  48%|████▊     | 12/25 [00:04<00:04,  2.80it/s, loss=2.56e-5]
Training epoch 60:  60%|██████    | 15/25 [00:05<00:03,  2.81it/s, loss=2.61e-5]
Training epoch 60:  72%|███████▏  | 18/25 [00:06<00:02,  2.81it/s, loss=2.74e-5]
Training epoch 60:  84%|████████▍ | 21/25 [00:07<00:01,  2.82it/s, loss=2.8e-5] 
Training epoch 60:  96%|█████████▌| 24/25 [00:08<00:00,  2.82it/s, loss=2.8e-5]
                                                                               

Validation epoch 60:   0%|          | 0/5 [00:00<?, ?it/s]
                                                          

Training epoch 61:   0%|          | 0/25 [00:00<?, ?it/s]
Training epoch 61:  12%|█▏        | 3/25 [00:01<00:08,  2.63it/s, loss=2.48e-5]
Training epoch 61:  24%|██▍       | 6/25 [00:02<00:06,  2.74it/s, loss=3.01e-5]
Training epoch 61:  36%|███▌      | 9/25 [00:03<00:05,  2.78it/s, loss=2.62e-5]
Training epoch 61:  48%|████▊     | 12/25 [00:04<00:04,  2.80it/s, loss=2.6e-5]
Training epoch 61:  60%|██████    | 15/25 [00:05<00:03,  2.80it/s, loss=2.89e-5]
Training epoch 61:  72%|███████▏  | 18/25 [00:06<00:02,  2.81it/s, loss=2.63e-5]
Training epoch 61:  84%|████████▍ | 21/25 [00:07<00:01,  2.82it/s, loss=2.64e-5]
Training epoch 61:  96%|█████████▌| 24/25 [00:08<00:00,  2.82it/s, loss=2.73e-5]
                                                                                

Validation epoch 61:   0%|          | 0/5 [00:00<?, ?it/s]
                                                          

Training epoch 62:   0%|          | 0/25 [00:00<?, ?it/s]
Training epoch 62:  12%|█▏        | 3/25 [00:01<00:08,  2.63it/s, loss=2.64e-5]
Training epoch 62:  24%|██▍       | 6/25 [00:02<00:06,  2.73it/s, loss=3.06e-5]
Training epoch 62:  36%|███▌      | 9/25 [00:03<00:05,  2.77it/s, loss=2.64e-5]
Training epoch 62:  48%|████▊     | 12/25 [00:04<00:04,  2.79it/s, loss=2.82e-5]
Training epoch 62:  60%|██████    | 15/25 [00:05<00:03,  2.80it/s, loss=2.65e-5]
Training epoch 62:  72%|███████▏  | 18/25 [00:06<00:02,  2.80it/s, loss=2.82e-5]
Training epoch 62:  84%|████████▍ | 21/25 [00:07<00:01,  2.81it/s, loss=3.02e-5]
Training epoch 62:  96%|█████████▌| 24/25 [00:08<00:00,  2.81it/s, loss=2.69e-5]
                                                                                

Validation epoch 62:   0%|          | 0/5 [00:00<?, ?it/s]
                                                          

Training epoch 63:   0%|          | 0/25 [00:00<?, ?it/s]
Training epoch 63:  12%|█▏        | 3/25 [00:01<00:08,  2.63it/s, loss=2.84e-5]
Training epoch 63:  24%|██▍       | 6/25 [00:02<00:06,  2.73it/s, loss=2.67e-5]
Training epoch 63:  36%|███▌      | 9/25 [00:03<00:05,  2.77it/s, loss=3.06e-5]
Training epoch 63:  48%|████▊     | 12/25 [00:04<00:04,  2.78it/s, loss=3.2e-5]
Training epoch 63:  60%|██████    | 15/25 [00:05<00:03,  2.79it/s, loss=2.46e-5]
Training epoch 63:  72%|███████▏  | 18/25 [00:06<00:02,  2.80it/s, loss=2.62e-5]
Training epoch 63:  84%|████████▍ | 21/25 [00:07<00:01,  2.80it/s, loss=2.56e-5]
Training epoch 63:  96%|█████████▌| 24/25 [00:08<00:00,  2.80it/s, loss=3.06e-5]
                                                                                

Validation epoch 63:   0%|          | 0/5 [00:00<?, ?it/s]
                                                          

Training epoch 64:   0%|          | 0/25 [00:00<?, ?it/s]
Training epoch 64:  12%|█▏        | 3/25 [00:01<00:08,  2.58it/s, loss=2.82e-5]
Training epoch 64:  24%|██▍       | 6/25 [00:02<00:07,  2.71it/s, loss=2.82e-5]
Training epoch 64:  36%|███▌      | 9/25 [00:03<00:05,  2.75it/s, loss=2.78e-5]
Training epoch 64:  48%|████▊     | 12/25 [00:04<00:04,  2.77it/s, loss=2.85e-5]
Training epoch 64:  60%|██████    | 15/25 [00:05<00:03,  2.79it/s, loss=2.71e-5]
Training epoch 64:  72%|███████▏  | 18/25 [00:06<00:02,  2.79it/s, loss=2.77e-5]
Training epoch 64:  84%|████████▍ | 21/25 [00:07<00:01,  2.80it/s, loss=2.98e-5]
Training epoch 64:  96%|█████████▌| 24/25 [00:08<00:00,  2.80it/s, loss=2.61e-5]
                                                                                

Validation epoch 64:   0%|          | 0/5 [00:00<?, ?it/s]
                                                          

Training epoch 65:   0%|          | 0/25 [00:00<?, ?it/s]
Training epoch 65:  12%|█▏        | 3/25 [00:01<00:08,  2.60it/s, loss=2.89e-5]
Training epoch 65:  24%|██▍       | 6/25 [00:02<00:06,  2.72it/s, loss=2.47e-5]
Training epoch 65:  36%|███▌      | 9/25 [00:03<00:05,  2.76it/s, loss=2.75e-5]
Training epoch 65:  48%|████▊     | 12/25 [00:04<00:04,  2.78it/s, loss=2.58e-5]
Training epoch 65:  60%|██████    | 15/25 [00:05<00:03,  2.79it/s, loss=2.87e-5]
Training epoch 65:  72%|███████▏  | 18/25 [00:06<00:02,  2.80it/s, loss=3.06e-5]
Training epoch 65:  84%|████████▍ | 21/25 [00:07<00:01,  2.80it/s, loss=2.63e-5]
Training epoch 65:  96%|█████████▌| 24/25 [00:08<00:00,  2.80it/s, loss=2.63e-5]
                                                                                

Validation epoch 65:   0%|          | 0/5 [00:00<?, ?it/s]
                                                          

Training epoch 66:   0%|          | 0/25 [00:00<?, ?it/s]
Training epoch 66:  12%|█▏        | 3/25 [00:01<00:08,  2.59it/s, loss=2.73e-5]
Training epoch 66:  24%|██▍       | 6/25 [00:02<00:07,  2.71it/s, loss=2.7e-5] 
Training epoch 66:  36%|███▌      | 9/25 [00:03<00:05,  2.76it/s, loss=2.73e-5]
Training epoch 66:  48%|████▊     | 12/25 [00:04<00:04,  2.78it/s, loss=2.69e-5]
Training epoch 66:  60%|██████    | 15/25 [00:05<00:03,  2.79it/s, loss=2.69e-5]
Training epoch 66:  72%|███████▏  | 18/25 [00:06<00:02,  2.79it/s, loss=2.42e-5]
Training epoch 66:  84%|████████▍ | 21/25 [00:07<00:01,  2.80it/s, loss=2.93e-5]
Training epoch 66:  96%|█████████▌| 24/25 [00:08<00:00,  2.80it/s, loss=2.47e-5]
                                                                                

Validation epoch 66:   0%|          | 0/5 [00:00<?, ?it/s]
                                                          

Training epoch 67:   0%|          | 0/25 [00:00<?, ?it/s]
Training epoch 67:  12%|█▏        | 3/25 [00:01<00:08,  2.58it/s, loss=2.98e-5]
Training epoch 67:  24%|██▍       | 6/25 [00:02<00:07,  2.71it/s, loss=2.83e-5]
Training epoch 67:  36%|███▌      | 9/25 [00:03<00:06,  2.55it/s, loss=3.05e-5]
Training epoch 67:  48%|████▊     | 12/25 [00:04<00:05,  2.55it/s, loss=2.68e-5]
Training epoch 67:  60%|██████    | 15/25 [00:05<00:03,  2.58it/s, loss=2.65e-5]
Training epoch 67:  72%|███████▏  | 18/25 [00:06<00:02,  2.59it/s, loss=2.56e-5]
Training epoch 67:  84%|████████▍ | 21/25 [00:08<00:01,  2.60it/s, loss=2.95e-5]
Training epoch 67:  96%|█████████▌| 24/25 [00:09<00:00,  2.61it/s, loss=2.88e-5]
                                                                                

Validation epoch 67:   0%|          | 0/5 [00:00<?, ?it/s]
                                                          

Training epoch 68:   0%|          | 0/25 [00:00<?, ?it/s]
Training epoch 68:  12%|█▏        | 3/25 [00:01<00:08,  2.58it/s, loss=2.44e-5]
Training epoch 68:  24%|██▍       | 6/25 [00:02<00:07,  2.69it/s, loss=2.93e-5]
Training epoch 68:  36%|███▌      | 9/25 [00:03<00:05,  2.72it/s, loss=3.07e-5]
Training epoch 68:  48%|████▊     | 12/25 [00:04<00:04,  2.74it/s, loss=2.75e-5]
Training epoch 68:  60%|██████    | 15/25 [00:05<00:03,  2.75it/s, loss=2.81e-5]
Training epoch 68:  72%|███████▏  | 18/25 [00:06<00:02,  2.75it/s, loss=2.68e-5]
Training epoch 68:  84%|████████▍ | 21/25 [00:07<00:01,  2.76it/s, loss=2.72e-5]
Training epoch 68:  96%|█████████▌| 24/25 [00:08<00:00,  2.76it/s, loss=3.05e-5]
                                                                                

Validation epoch 68:   0%|          | 0/5 [00:00<?, ?it/s]
                                                          

Training epoch 69:   0%|          | 0/25 [00:00<?, ?it/s]
Training epoch 69:  12%|█▏        | 3/25 [00:01<00:08,  2.59it/s, loss=2.56e-5]
Training epoch 69:  24%|██▍       | 6/25 [00:02<00:07,  2.71it/s, loss=2.55e-5]
Training epoch 69:  36%|███▌      | 9/25 [00:03<00:05,  2.75it/s, loss=2.75e-5]
Training epoch 69:  48%|████▊     | 12/25 [00:04<00:04,  2.77it/s, loss=2.75e-5]
Training epoch 69:  60%|██████    | 15/25 [00:05<00:03,  2.78it/s, loss=2.7e-5] 
Training epoch 69:  72%|███████▏  | 18/25 [00:06<00:02,  2.79it/s, loss=2.75e-5]
Training epoch 69:  84%|████████▍ | 21/25 [00:07<00:01,  2.79it/s, loss=2.7e-5] 
Training epoch 69:  96%|█████████▌| 24/25 [00:08<00:00,  2.80it/s, loss=2.92e-5]
                                                                                

Validation epoch 69:   0%|          | 0/5 [00:00<?, ?it/s]
                                                          

Training epoch 70:   0%|          | 0/25 [00:00<?, ?it/s]
Training epoch 70:  12%|█▏        | 3/25 [00:01<00:08,  2.58it/s, loss=2.93e-5]
Training epoch 70:  24%|██▍       | 6/25 [00:02<00:07,  2.71it/s, loss=2.7e-5] 
Training epoch 70:  36%|███▌      | 9/25 [00:03<00:05,  2.75it/s, loss=2.84e-5]
Training epoch 70:  48%|████▊     | 12/25 [00:04<00:04,  2.77it/s, loss=2.71e-5]
Training epoch 70:  60%|██████    | 15/25 [00:05<00:03,  2.75it/s, loss=2.7e-5] 
Training epoch 70:  72%|███████▏  | 18/25 [00:06<00:02,  2.72it/s, loss=2.79e-5]
Training epoch 70:  84%|████████▍ | 21/25 [00:07<00:01,  2.70it/s, loss=2.77e-5]
Training epoch 70:  96%|█████████▌| 24/25 [00:08<00:00,  2.69it/s, loss=2.75e-5]
                                                                                

Validation epoch 70:   0%|          | 0/5 [00:00<?, ?it/s]
                                                          

Training epoch 71:   0%|          | 0/25 [00:00<?, ?it/s]
Training epoch 71:  12%|█▏        | 3/25 [00:01<00:08,  2.47it/s, loss=2.52e-5]
Training epoch 71:  24%|██▍       | 6/25 [00:02<00:07,  2.58it/s, loss=3.09e-5]
Training epoch 71:  36%|███▌      | 9/25 [00:03<00:06,  2.62it/s, loss=2.56e-5]
Training epoch 71:  48%|████▊     | 12/25 [00:04<00:04,  2.64it/s, loss=2.84e-5]
Training epoch 71:  60%|██████    | 15/25 [00:05<00:03,  2.65it/s, loss=2.72e-5]
Training epoch 71:  72%|███████▏  | 18/25 [00:06<00:02,  2.66it/s, loss=2.8e-5] 
Training epoch 71:  84%|████████▍ | 21/25 [00:07<00:01,  2.66it/s, loss=2.9e-5]
Training epoch 71:  96%|█████████▌| 24/25 [00:09<00:00,  2.66it/s, loss=2.86e-5]
                                                                                

Validation epoch 71:   0%|          | 0/5 [00:00<?, ?it/s]
                                                          

Training epoch 72:   0%|          | 0/25 [00:00<?, ?it/s]
Training epoch 72:  12%|█▏        | 3/25 [00:01<00:08,  2.56it/s, loss=2.67e-5]
Training epoch 72:  24%|██▍       | 6/25 [00:02<00:07,  2.70it/s, loss=3.23e-5]
Training epoch 72:  36%|███▌      | 9/25 [00:03<00:05,  2.74it/s, loss=2.74e-5]
Training epoch 72:  48%|████▊     | 12/25 [00:04<00:04,  2.77it/s, loss=3.29e-5]
Training epoch 72:  60%|██████    | 15/25 [00:05<00:03,  2.78it/s, loss=2.8e-5] 
Training epoch 72:  72%|███████▏  | 18/25 [00:06<00:02,  2.79it/s, loss=2.71e-5]
Training epoch 72:  84%|████████▍ | 21/25 [00:07<00:01,  2.79it/s, loss=2.75e-5]
Training epoch 72:  96%|█████████▌| 24/25 [00:08<00:00,  2.79it/s, loss=3.04e-5]
                                                                                

Validation epoch 72:   0%|          | 0/5 [00:00<?, ?it/s]
                                                          

Training epoch 73:   0%|          | 0/25 [00:00<?, ?it/s]
Training epoch 73:  12%|█▏        | 3/25 [00:01<00:09,  2.38it/s, loss=2.75e-5]
Training epoch 73:  24%|██▍       | 6/25 [00:02<00:07,  2.48it/s, loss=2.43e-5]
Training epoch 73:  36%|███▌      | 9/25 [00:03<00:06,  2.51it/s, loss=2.96e-5]
Training epoch 73:  48%|████▊     | 12/25 [00:04<00:05,  2.53it/s, loss=3.07e-5]
Training epoch 73:  60%|██████    | 15/25 [00:05<00:03,  2.54it/s, loss=2.7e-5] 
Training epoch 73:  72%|███████▏  | 18/25 [00:07<00:02,  2.54it/s, loss=2.59e-5]
Training epoch 73:  84%|████████▍ | 21/25 [00:08<00:01,  2.55it/s, loss=2.63e-5]
Training epoch 73:  96%|█████████▌| 24/25 [00:09<00:00,  2.55it/s, loss=2.83e-5]
                                                                                

Validation epoch 73:   0%|          | 0/5 [00:00<?, ?it/s]
                                                          

Training epoch 74:   0%|          | 0/25 [00:00<?, ?it/s]
Training epoch 74:  12%|█▏        | 3/25 [00:01<00:09,  2.37it/s, loss=3.14e-5]
Training epoch 74:  24%|██▍       | 6/25 [00:02<00:07,  2.52it/s, loss=2.65e-5]
Training epoch 74:  36%|███▌      | 9/25 [00:03<00:06,  2.61it/s, loss=2.4e-5] 
Training epoch 74:  48%|████▊     | 12/25 [00:04<00:04,  2.66it/s, loss=2.55e-5]
Training epoch 74:  60%|██████    | 15/25 [00:05<00:03,  2.68it/s, loss=2.59e-5]
Training epoch 74:  72%|███████▏  | 18/25 [00:06<00:02,  2.70it/s, loss=2.46e-5]
Training epoch 74:  84%|████████▍ | 21/25 [00:07<00:01,  2.71it/s, loss=2.75e-5]
Training epoch 74:  96%|█████████▌| 24/25 [00:09<00:00,  2.71it/s, loss=2.76e-5]
                                                                                

Validation epoch 74:   0%|          | 0/5 [00:00<?, ?it/s]
                                                          

Training epoch 75:   0%|          | 0/25 [00:00<?, ?it/s]
Training epoch 75:  12%|█▏        | 3/25 [00:01<00:09,  2.35it/s, loss=2.79e-5]
Training epoch 75:  24%|██▍       | 6/25 [00:02<00:07,  2.51it/s, loss=2.72e-5]
Training epoch 75:  36%|███▌      | 9/25 [00:03<00:06,  2.58it/s, loss=2.76e-5]
Training epoch 75:  48%|████▊     | 12/25 [00:04<00:04,  2.61it/s, loss=2.71e-5]
Training epoch 75:  60%|██████    | 15/25 [00:05<00:03,  2.63it/s, loss=2.64e-5]
Training epoch 75:  72%|███████▏  | 18/25 [00:06<00:02,  2.64it/s, loss=2.32e-5]
Training epoch 75:  84%|████████▍ | 21/25 [00:08<00:01,  2.65it/s, loss=2.75e-5]
Training epoch 75:  96%|█████████▌| 24/25 [00:09<00:00,  2.65it/s, loss=2.62e-5]
                                                                                

Validation epoch 75:   0%|          | 0/5 [00:00<?, ?it/s]
                                                          

Training epoch 76:   0%|          | 0/25 [00:00<?, ?it/s]
Training epoch 76:  12%|█▏        | 3/25 [00:01<00:08,  2.58it/s, loss=2.65e-5]
Training epoch 76:  24%|██▍       | 6/25 [00:02<00:07,  2.70it/s, loss=2.91e-5]
Training epoch 76:  36%|███▌      | 9/25 [00:03<00:05,  2.74it/s, loss=2.96e-5]
Training epoch 76:  48%|████▊     | 12/25 [00:04<00:04,  2.76it/s, loss=2.76e-5]
Training epoch 76:  60%|██████    | 15/25 [00:05<00:03,  2.77it/s, loss=2.75e-5]
Training epoch 76:  72%|███████▏  | 18/25 [00:06<00:02,  2.77it/s, loss=2.56e-5]
Training epoch 76:  84%|████████▍ | 21/25 [00:07<00:01,  2.78it/s, loss=2.58e-5]
Training epoch 76:  96%|█████████▌| 24/25 [00:08<00:00,  2.73it/s, loss=2.76e-5]
                                                                                

Validation epoch 76:   0%|          | 0/5 [00:00<?, ?it/s]
                                                          

Training epoch 77:   0%|          | 0/25 [00:00<?, ?it/s]
Training epoch 77:  12%|█▏        | 3/25 [00:01<00:08,  2.56it/s, loss=2.48e-5]
Training epoch 77:  24%|██▍       | 6/25 [00:02<00:07,  2.66it/s, loss=2.94e-5]
Training epoch 77:  36%|███▌      | 9/25 [00:03<00:05,  2.70it/s, loss=2.49e-5]
Training epoch 77:  48%|████▊     | 12/25 [00:04<00:04,  2.72it/s, loss=2.91e-5]
Training epoch 77:  60%|██████    | 15/25 [00:05<00:03,  2.73it/s, loss=2.84e-5]
Training epoch 77:  72%|███████▏  | 18/25 [00:06<00:02,  2.74it/s, loss=2.44e-5]
Training epoch 77:  84%|████████▍ | 21/25 [00:07<00:01,  2.75it/s, loss=2.5e-5] 
Training epoch 77:  96%|█████████▌| 24/25 [00:08<00:00,  2.75it/s, loss=2.73e-5]
                                                                                

Validation epoch 77:   0%|          | 0/5 [00:00<?, ?it/s]
                                                          

Training epoch 78:   0%|          | 0/25 [00:00<?, ?it/s]
Training epoch 78:  12%|█▏        | 3/25 [00:01<00:08,  2.53it/s, loss=2.97e-5]
Training epoch 78:  24%|██▍       | 6/25 [00:02<00:07,  2.66it/s, loss=2.53e-5]
Training epoch 78:  36%|███▌      | 9/25 [00:03<00:05,  2.70it/s, loss=2.71e-5]
Training epoch 78:  48%|████▊     | 12/25 [00:04<00:04,  2.71it/s, loss=2.76e-5]
Training epoch 78:  60%|██████    | 15/25 [00:05<00:03,  2.72it/s, loss=2.68e-5]
Training epoch 78:  72%|███████▏  | 18/25 [00:06<00:02,  2.71it/s, loss=2.58e-5]
Training epoch 78:  84%|████████▍ | 21/25 [00:07<00:01,  2.71it/s, loss=2.94e-5]
Training epoch 78:  96%|█████████▌| 24/25 [00:08<00:00,  2.70it/s, loss=2.56e-5]
                                                                                

Validation epoch 78:   0%|          | 0/5 [00:00<?, ?it/s]
                                                          

Training epoch 79:   0%|          | 0/25 [00:00<?, ?it/s]
Training epoch 79:  12%|█▏        | 3/25 [00:01<00:08,  2.46it/s, loss=2.56e-5]
Training epoch 79:  24%|██▍       | 6/25 [00:02<00:07,  2.56it/s, loss=2.52e-5]
Training epoch 79:  36%|███▌      | 9/25 [00:03<00:06,  2.60it/s, loss=2.83e-5]
Training epoch 79:  48%|████▊     | 12/25 [00:04<00:04,  2.62it/s, loss=2.29e-5]
Training epoch 79:  60%|██████    | 15/25 [00:05<00:03,  2.63it/s, loss=2.76e-5]
Training epoch 79:  72%|███████▏  | 18/25 [00:06<00:02,  2.63it/s, loss=2.63e-5]
Training epoch 79:  84%|████████▍ | 21/25 [00:08<00:01,  2.64it/s, loss=2.94e-5]
Training epoch 79:  96%|█████████▌| 24/25 [00:09<00:00,  2.64it/s, loss=2.64e-5]
                                                                                

Validation epoch 79:   0%|          | 0/5 [00:00<?, ?it/s]
                                                          

Training epoch 80:   0%|          | 0/25 [00:00<?, ?it/s]
Training epoch 80:  12%|█▏        | 3/25 [00:01<00:08,  2.57it/s, loss=2.42e-5]
Training epoch 80:  24%|██▍       | 6/25 [00:02<00:07,  2.69it/s, loss=2.58e-5]
Training epoch 80:  36%|███▌      | 9/25 [00:03<00:06,  2.65it/s, loss=3.17e-5]
Training epoch 80:  48%|████▊     | 12/25 [00:04<00:05,  2.53it/s, loss=2.92e-5]
Training epoch 80:  60%|██████    | 15/25 [00:05<00:03,  2.54it/s, loss=2.41e-5]
Training epoch 80:  72%|███████▏  | 18/25 [00:07<00:02,  2.55it/s, loss=2.87e-5]
Training epoch 80:  84%|████████▍ | 21/25 [00:08<00:01,  2.56it/s, loss=2.63e-5]
Training epoch 80:  96%|█████████▌| 24/25 [00:09<00:00,  2.56it/s, loss=2.53e-5]
                                                                                

Validation epoch 80:   0%|          | 0/5 [00:00<?, ?it/s]
                                                          

Training epoch 81:   0%|          | 0/25 [00:00<?, ?it/s]
Training epoch 81:  12%|█▏        | 3/25 [00:01<00:08,  2.56it/s, loss=2.78e-5]
Training epoch 81:  24%|██▍       | 6/25 [00:02<00:07,  2.66it/s, loss=2.69e-5]
Training epoch 81:  36%|███▌      | 9/25 [00:03<00:05,  2.69it/s, loss=2.56e-5]
Training epoch 81:  48%|████▊     | 12/25 [00:04<00:04,  2.70it/s, loss=2.41e-5]
Training epoch 81:  60%|██████    | 15/25 [00:05<00:03,  2.71it/s, loss=2.56e-5]
Training epoch 81:  72%|███████▏  | 18/25 [00:06<00:02,  2.72it/s, loss=2.99e-5]
Training epoch 81:  84%|████████▍ | 21/25 [00:07<00:01,  2.72it/s, loss=2.29e-5]
Training epoch 81:  96%|█████████▌| 24/25 [00:08<00:00,  2.72it/s, loss=2.77e-5]
                                                                                

Validation epoch 81:   0%|          | 0/5 [00:00<?, ?it/s]
                                                          

Training epoch 82:   0%|          | 0/25 [00:00<?, ?it/s]
Training epoch 82:  12%|█▏        | 3/25 [00:01<00:08,  2.54it/s, loss=2.66e-5]
Training epoch 82:  24%|██▍       | 6/25 [00:02<00:07,  2.65it/s, loss=2.9e-5] 
Training epoch 82:  36%|███▌      | 9/25 [00:03<00:05,  2.68it/s, loss=2.71e-5]
Training epoch 82:  48%|████▊     | 12/25 [00:04<00:04,  2.70it/s, loss=2.93e-5]
Training epoch 82:  60%|██████    | 15/25 [00:05<00:03,  2.71it/s, loss=2.63e-5]
Training epoch 82:  72%|███████▏  | 18/25 [00:06<00:02,  2.72it/s, loss=3.05e-5]
Training epoch 82:  84%|████████▍ | 21/25 [00:07<00:01,  2.72it/s, loss=2.99e-5]
Training epoch 82:  96%|█████████▌| 24/25 [00:08<00:00,  2.72it/s, loss=2.97e-5]
                                                                                

Validation epoch 82:   0%|          | 0/5 [00:00<?, ?it/s]
                                                          

Training epoch 83:   0%|          | 0/25 [00:00<?, ?it/s]
Training epoch 83:  12%|█▏        | 3/25 [00:01<00:08,  2.54it/s, loss=2.83e-5]
Training epoch 83:  24%|██▍       | 6/25 [00:02<00:07,  2.65it/s, loss=2.89e-5]
Training epoch 83:  36%|███▌      | 9/25 [00:03<00:05,  2.68it/s, loss=2.75e-5]
Training epoch 83:  48%|████▊     | 12/25 [00:04<00:04,  2.70it/s, loss=2.69e-5]
Training epoch 83:  60%|██████    | 15/25 [00:05<00:03,  2.71it/s, loss=2.66e-5]
Training epoch 83:  72%|███████▏  | 18/25 [00:06<00:02,  2.72it/s, loss=2.71e-5]
Training epoch 83:  84%|████████▍ | 21/25 [00:07<00:01,  2.72it/s, loss=2.74e-5]
Training epoch 83:  96%|█████████▌| 24/25 [00:08<00:00,  2.72it/s, loss=2.68e-5]
                                                                                

Validation epoch 83:   0%|          | 0/5 [00:00<?, ?it/s]
                                                          

Training epoch 84:   0%|          | 0/25 [00:00<?, ?it/s]
Training epoch 84:  12%|█▏        | 3/25 [00:01<00:08,  2.50it/s, loss=2.54e-5]
Training epoch 84:  24%|██▍       | 6/25 [00:02<00:07,  2.63it/s, loss=2.76e-5]
Training epoch 84:  36%|███▌      | 9/25 [00:03<00:05,  2.67it/s, loss=2.78e-5]
Training epoch 84:  48%|████▊     | 12/25 [00:04<00:04,  2.69it/s, loss=3.23e-5]
Training epoch 84:  60%|██████    | 15/25 [00:05<00:03,  2.71it/s, loss=2.66e-5]
Training epoch 84:  72%|███████▏  | 18/25 [00:06<00:02,  2.71it/s, loss=2.87e-5]
Training epoch 84:  84%|████████▍ | 21/25 [00:07<00:01,  2.72it/s, loss=3.25e-5]
Training epoch 84:  96%|█████████▌| 24/25 [00:08<00:00,  2.72it/s, loss=2.41e-5]
                                                                                

Validation epoch 84:   0%|          | 0/5 [00:00<?, ?it/s]
                                                          

Training epoch 85:   0%|          | 0/25 [00:00<?, ?it/s]
Training epoch 85:  12%|█▏        | 3/25 [00:01<00:08,  2.53it/s, loss=2.64e-5]
Training epoch 85:  24%|██▍       | 6/25 [00:02<00:07,  2.64it/s, loss=2.84e-5]
Training epoch 85:  36%|███▌      | 9/25 [00:03<00:05,  2.68it/s, loss=2.67e-5]
Training epoch 85:  48%|████▊     | 12/25 [00:04<00:04,  2.70it/s, loss=3.04e-5]
Training epoch 85:  60%|██████    | 15/25 [00:05<00:03,  2.71it/s, loss=2.44e-5]
Training epoch 85:  72%|███████▏  | 18/25 [00:06<00:02,  2.71it/s, loss=2.8e-5] 
Training epoch 85:  84%|████████▍ | 21/25 [00:07<00:01,  2.72it/s, loss=2.58e-5]
Training epoch 85:  96%|█████████▌| 24/25 [00:08<00:00,  2.72it/s, loss=2.88e-5]
                                                                                

Validation epoch 85:   0%|          | 0/5 [00:00<?, ?it/s]
                                                          

Training epoch 86:   0%|          | 0/25 [00:00<?, ?it/s]
Training epoch 86:  12%|█▏        | 3/25 [00:01<00:08,  2.53it/s, loss=2.7e-5]
Training epoch 86:  24%|██▍       | 6/25 [00:02<00:07,  2.65it/s, loss=2.46e-5]
Training epoch 86:  36%|███▌      | 9/25 [00:03<00:05,  2.68it/s, loss=2.52e-5]
Training epoch 86:  48%|████▊     | 12/25 [00:04<00:04,  2.70it/s, loss=2.66e-5]
Training epoch 86:  60%|██████    | 15/25 [00:05<00:03,  2.71it/s, loss=2.72e-5]
Training epoch 86:  72%|███████▏  | 18/25 [00:06<00:02,  2.60it/s, loss=2.8e-5] 
Training epoch 86:  84%|████████▍ | 21/25 [00:08<00:01,  2.48it/s, loss=2.85e-5]
Training epoch 86:  96%|█████████▌| 24/25 [00:09<00:00,  2.50it/s, loss=2.87e-5]
                                                                                

Validation epoch 86:   0%|          | 0/5 [00:00<?, ?it/s]
                                                          

Training epoch 87:   0%|          | 0/25 [00:00<?, ?it/s]
Training epoch 87:  12%|█▏        | 3/25 [00:01<00:08,  2.61it/s, loss=2.52e-5]
Training epoch 87:  24%|██▍       | 6/25 [00:02<00:06,  2.72it/s, loss=2.45e-5]
Training epoch 87:  36%|███▌      | 9/25 [00:03<00:06,  2.63it/s, loss=2.81e-5]
Training epoch 87:  48%|████▊     | 12/25 [00:04<00:05,  2.54it/s, loss=2.61e-5]
Training epoch 87:  60%|██████    | 15/25 [00:05<00:03,  2.53it/s, loss=2.71e-5]
Training epoch 87:  72%|███████▏  | 18/25 [00:06<00:02,  2.57it/s, loss=2.61e-5]
Training epoch 87:  84%|████████▍ | 21/25 [00:08<00:01,  2.59it/s, loss=2.42e-5]
Training epoch 87:  96%|█████████▌| 24/25 [00:09<00:00,  2.61it/s, loss=2.41e-5]
                                                                                

Validation epoch 87:   0%|          | 0/5 [00:00<?, ?it/s]
                                                          

Training epoch 88:   0%|          | 0/25 [00:00<?, ?it/s]
Training epoch 88:  12%|█▏        | 3/25 [00:01<00:08,  2.59it/s, loss=2.8e-5]
Training epoch 88:  24%|██▍       | 6/25 [00:02<00:07,  2.71it/s, loss=2.8e-5]
Training epoch 88:  36%|███▌      | 9/25 [00:03<00:05,  2.75it/s, loss=2.5e-5]
Training epoch 88:  48%|████▊     | 12/25 [00:04<00:04,  2.77it/s, loss=2.37e-5]
Training epoch 88:  60%|██████    | 15/25 [00:05<00:03,  2.77it/s, loss=2.54e-5]
Training epoch 88:  72%|███████▏  | 18/25 [00:06<00:02,  2.65it/s, loss=2.62e-5]
Training epoch 88:  84%|████████▍ | 21/25 [00:07<00:01,  2.56it/s, loss=3.09e-5]
Training epoch 88:  96%|█████████▌| 24/25 [00:09<00:00,  2.56it/s, loss=2.82e-5]
                                                                                

Validation epoch 88:   0%|          | 0/5 [00:00<?, ?it/s]
                                                          

Training epoch 89:   0%|          | 0/25 [00:00<?, ?it/s]
Training epoch 89:  12%|█▏        | 3/25 [00:01<00:08,  2.54it/s, loss=2.56e-5]
Training epoch 89:  24%|██▍       | 6/25 [00:02<00:07,  2.65it/s, loss=2.63e-5]
Training epoch 89:  36%|███▌      | 9/25 [00:03<00:05,  2.69it/s, loss=3.1e-5] 
Training epoch 89:  48%|████▊     | 12/25 [00:04<00:04,  2.70it/s, loss=2.84e-5]
Training epoch 89:  60%|██████    | 15/25 [00:05<00:03,  2.71it/s, loss=2.83e-5]
Training epoch 89:  72%|███████▏  | 18/25 [00:06<00:02,  2.71it/s, loss=2.53e-5]
Training epoch 89:  84%|████████▍ | 21/25 [00:07<00:01,  2.72it/s, loss=2.71e-5]
Training epoch 89:  96%|█████████▌| 24/25 [00:08<00:00,  2.72it/s, loss=2.96e-5]
                                                                                

Validation epoch 89:   0%|          | 0/5 [00:00<?, ?it/s]
                                                          

Training epoch 90:   0%|          | 0/25 [00:00<?, ?it/s]
Training epoch 90:  12%|█▏        | 3/25 [00:01<00:08,  2.52it/s, loss=2.8e-5]
Training epoch 90:  24%|██▍       | 6/25 [00:02<00:07,  2.64it/s, loss=2.65e-5]
Training epoch 90:  36%|███▌      | 9/25 [00:03<00:05,  2.68it/s, loss=2.93e-5]
Training epoch 90:  48%|████▊     | 12/25 [00:04<00:04,  2.70it/s, loss=2.33e-5]
Training epoch 90:  60%|██████    | 15/25 [00:05<00:03,  2.71it/s, loss=2.68e-5]
Training epoch 90:  72%|███████▏  | 18/25 [00:06<00:02,  2.72it/s, loss=2.64e-5]
Training epoch 90:  84%|████████▍ | 21/25 [00:07<00:01,  2.72it/s, loss=2.3e-5] 
Training epoch 90:  96%|█████████▌| 24/25 [00:08<00:00,  2.72it/s, loss=2.59e-5]
                                                                                

Validation epoch 90:   0%|          | 0/5 [00:00<?, ?it/s]
                                                          

Training epoch 91:   0%|          | 0/25 [00:00<?, ?it/s]
Training epoch 91:  12%|█▏        | 3/25 [00:01<00:08,  2.52it/s, loss=2.96e-5]
Training epoch 91:  24%|██▍       | 6/25 [00:02<00:07,  2.63it/s, loss=2.61e-5]
Training epoch 91:  36%|███▌      | 9/25 [00:03<00:05,  2.67it/s, loss=3.05e-5]
Training epoch 91:  48%|████▊     | 12/25 [00:04<00:04,  2.69it/s, loss=2.8e-5]
Training epoch 91:  60%|██████    | 15/25 [00:05<00:03,  2.70it/s, loss=2.85e-5]
Training epoch 91:  72%|███████▏  | 18/25 [00:06<00:02,  2.70it/s, loss=2.82e-5]
Training epoch 91:  84%|████████▍ | 21/25 [00:07<00:01,  2.71it/s, loss=2.53e-5]
Training epoch 91:  96%|█████████▌| 24/25 [00:08<00:00,  2.71it/s, loss=2.5e-5] 
                                                                               

Validation epoch 91:   0%|          | 0/5 [00:00<?, ?it/s]
                                                          

Training epoch 92:   0%|          | 0/25 [00:00<?, ?it/s]
Training epoch 92:  12%|█▏        | 3/25 [00:01<00:09,  2.43it/s, loss=2.61e-5]
Training epoch 92:  24%|██▍       | 6/25 [00:02<00:07,  2.54it/s, loss=2.91e-5]
Training epoch 92:  36%|███▌      | 9/25 [00:03<00:06,  2.58it/s, loss=2.65e-5]
Training epoch 92:  48%|████▊     | 12/25 [00:04<00:04,  2.60it/s, loss=2.79e-5]
Training epoch 92:  60%|██████    | 15/25 [00:05<00:03,  2.61it/s, loss=2.57e-5]
Training epoch 92:  72%|███████▏  | 18/25 [00:06<00:02,  2.62it/s, loss=2.77e-5]
Training epoch 92:  84%|████████▍ | 21/25 [00:08<00:01,  2.62it/s, loss=2.76e-5]
Training epoch 92:  96%|█████████▌| 24/25 [00:09<00:00,  2.62it/s, loss=2.93e-5]
                                                                                

Validation epoch 92:   0%|          | 0/5 [00:00<?, ?it/s]
                                                          

Training epoch 93:   0%|          | 0/25 [00:00<?, ?it/s]
Training epoch 93:  12%|█▏        | 3/25 [00:01<00:08,  2.58it/s, loss=2.39e-5]
Training epoch 93:  24%|██▍       | 6/25 [00:02<00:07,  2.69it/s, loss=3.18e-5]
Training epoch 93:  36%|███▌      | 9/25 [00:03<00:05,  2.71it/s, loss=2.61e-5]
Training epoch 93:  48%|████▊     | 12/25 [00:04<00:04,  2.72it/s, loss=2.92e-5]
Training epoch 93:  60%|██████    | 15/25 [00:05<00:03,  2.72it/s, loss=2.78e-5]
Training epoch 93:  72%|███████▏  | 18/25 [00:06<00:02,  2.72it/s, loss=2.58e-5]
Training epoch 93:  84%|████████▍ | 21/25 [00:07<00:01,  2.72it/s, loss=2.77e-5]
Training epoch 93:  96%|█████████▌| 24/25 [00:08<00:00,  2.72it/s, loss=2.65e-5]
                                                                                

Validation epoch 93:   0%|          | 0/5 [00:00<?, ?it/s]
                                                          

Training epoch 94:   0%|          | 0/25 [00:00<?, ?it/s]
Training epoch 94:  12%|█▏        | 3/25 [00:01<00:08,  2.52it/s, loss=2.34e-5]
Training epoch 94:  24%|██▍       | 6/25 [00:02<00:07,  2.64it/s, loss=2.76e-5]
Training epoch 94:  36%|███▌      | 9/25 [00:03<00:05,  2.68it/s, loss=2.68e-5]
Training epoch 94:  48%|████▊     | 12/25 [00:04<00:04,  2.70it/s, loss=2.32e-5]
Training epoch 94:  60%|██████    | 15/25 [00:05<00:03,  2.71it/s, loss=2.69e-5]
Training epoch 94:  72%|███████▏  | 18/25 [00:06<00:02,  2.72it/s, loss=2.45e-5]
Training epoch 94:  84%|████████▍ | 21/25 [00:07<00:01,  2.72it/s, loss=2.55e-5]
Training epoch 94:  96%|█████████▌| 24/25 [00:08<00:00,  2.72it/s, loss=2.76e-5]
                                                                                

Validation epoch 94:   0%|          | 0/5 [00:00<?, ?it/s]
                                                          

Training epoch 95:   0%|          | 0/25 [00:00<?, ?it/s]
Training epoch 95:  12%|█▏        | 3/25 [00:01<00:09,  2.42it/s, loss=2.53e-5]
Training epoch 95:  24%|██▍       | 6/25 [00:02<00:07,  2.56it/s, loss=2.82e-5]
Training epoch 95:  36%|███▌      | 9/25 [00:03<00:06,  2.61it/s, loss=2.82e-5]
Training epoch 95:  48%|████▊     | 12/25 [00:04<00:04,  2.63it/s, loss=2.61e-5]
Training epoch 95:  60%|██████    | 15/25 [00:05<00:03,  2.64it/s, loss=2.62e-5]
Training epoch 95:  72%|███████▏  | 18/25 [00:06<00:02,  2.65it/s, loss=2.84e-5]
Training epoch 95:  84%|████████▍ | 21/25 [00:07<00:01,  2.65it/s, loss=2.59e-5]
Training epoch 95:  96%|█████████▌| 24/25 [00:09<00:00,  2.66it/s, loss=2.85e-5]
                                                                                

Validation epoch 95:   0%|          | 0/5 [00:00<?, ?it/s]
                                                          

Training epoch 96:   0%|          | 0/25 [00:00<?, ?it/s]
Training epoch 96:  12%|█▏        | 3/25 [00:01<00:08,  2.48it/s, loss=2.71e-5]
Training epoch 96:  24%|██▍       | 6/25 [00:02<00:07,  2.59it/s, loss=2.95e-5]
Training epoch 96:  36%|███▌      | 9/25 [00:03<00:06,  2.62it/s, loss=3.03e-5]
Training epoch 96:  48%|████▊     | 12/25 [00:04<00:04,  2.64it/s, loss=3.02e-5]
Training epoch 96:  60%|██████    | 15/25 [00:05<00:03,  2.65it/s, loss=2.4e-5] 
Training epoch 96:  72%|███████▏  | 18/25 [00:06<00:02,  2.65it/s, loss=2.55e-5]
Training epoch 96:  84%|████████▍ | 21/25 [00:07<00:01,  2.66it/s, loss=2.79e-5]
Training epoch 96:  96%|█████████▌| 24/25 [00:09<00:00,  2.66it/s, loss=2.2e-5] 
                                                                               

Validation epoch 96:   0%|          | 0/5 [00:00<?, ?it/s]
                                                          

Training epoch 97:   0%|          | 0/25 [00:00<?, ?it/s]
Training epoch 97:  12%|█▏        | 3/25 [00:01<00:09,  2.42it/s, loss=2.81e-5]
Training epoch 97:  24%|██▍       | 6/25 [00:02<00:07,  2.55it/s, loss=2.56e-5]
Training epoch 97:  36%|███▌      | 9/25 [00:03<00:06,  2.59it/s, loss=2.68e-5]
Training epoch 97:  48%|████▊     | 12/25 [00:04<00:04,  2.61it/s, loss=2.71e-5]
Training epoch 97:  60%|██████    | 15/25 [00:05<00:03,  2.62it/s, loss=2.47e-5]
Training epoch 97:  72%|███████▏  | 18/25 [00:06<00:02,  2.63it/s, loss=2.66e-5]
Training epoch 97:  84%|████████▍ | 21/25 [00:08<00:01,  2.63it/s, loss=2.69e-5]
Training epoch 97:  96%|█████████▌| 24/25 [00:09<00:00,  2.64it/s, loss=2.65e-5]
                                                                                

Validation epoch 97:   0%|          | 0/5 [00:00<?, ?it/s]
                                                          

Training epoch 98:   0%|          | 0/25 [00:00<?, ?it/s]
Training epoch 98:  12%|█▏        | 3/25 [00:01<00:08,  2.55it/s, loss=2.48e-5]
Training epoch 98:  24%|██▍       | 6/25 [00:02<00:07,  2.68it/s, loss=2.66e-5]
Training epoch 98:  36%|███▌      | 9/25 [00:03<00:05,  2.72it/s, loss=2.4e-5] 
Training epoch 98:  48%|████▊     | 12/25 [00:04<00:04,  2.74it/s, loss=2.44e-5]
Training epoch 98:  60%|██████    | 15/25 [00:05<00:03,  2.74it/s, loss=2.75e-5]
Training epoch 98:  72%|███████▏  | 18/25 [00:06<00:02,  2.75it/s, loss=2.51e-5]
Training epoch 98:  84%|████████▍ | 21/25 [00:07<00:01,  2.69it/s, loss=2.75e-5]
Training epoch 98:  96%|█████████▌| 24/25 [00:09<00:00,  2.56it/s, loss=2.49e-5]
                                                                                

Validation epoch 98:   0%|          | 0/5 [00:00<?, ?it/s]
                                                          

Training epoch 99:   0%|          | 0/25 [00:00<?, ?it/s]
Training epoch 99:  12%|█▏        | 3/25 [00:01<00:09,  2.43it/s, loss=2.68e-5]
Training epoch 99:  24%|██▍       | 6/25 [00:02<00:07,  2.51it/s, loss=3.01e-5]
Training epoch 99:  36%|███▌      | 9/25 [00:03<00:06,  2.54it/s, loss=2.49e-5]
Training epoch 99:  48%|████▊     | 12/25 [00:04<00:05,  2.56it/s, loss=2.35e-5]
Training epoch 99:  60%|██████    | 15/25 [00:05<00:03,  2.57it/s, loss=2.77e-5]
Training epoch 99:  72%|███████▏  | 18/25 [00:07<00:02,  2.57it/s, loss=2.86e-5]
Training epoch 99:  84%|████████▍ | 21/25 [00:08<00:01,  2.58it/s, loss=2.64e-5]
Training epoch 99:  96%|█████████▌| 24/25 [00:09<00:00,  2.58it/s, loss=2.16e-5]
                                                                                

Validation epoch 99:   0%|          | 0/5 [00:00<?, ?it/s]
                                                          

Training epoch 100:   0%|          | 0/25 [00:00<?, ?it/s]
Training epoch 100:  12%|█▏        | 3/25 [00:01<00:08,  2.53it/s, loss=2.58e-5]
Training epoch 100:  24%|██▍       | 6/25 [00:02<00:07,  2.64it/s, loss=2.57e-5]
Training epoch 100:  36%|███▌      | 9/25 [00:03<00:05,  2.68it/s, loss=2.83e-5]
Training epoch 100:  48%|████▊     | 12/25 [00:04<00:04,  2.70it/s, loss=2.7e-5]
Training epoch 100:  60%|██████    | 15/25 [00:05<00:03,  2.71it/s, loss=2.86e-5]
Training epoch 100:  72%|███████▏  | 18/25 [00:06<00:02,  2.72it/s, loss=2.61e-5]
Training epoch 100:  84%|████████▍ | 21/25 [00:07<00:01,  2.72it/s, loss=2.49e-5]
Training epoch 100:  96%|█████████▌| 24/25 [00:08<00:00,  2.72it/s, loss=2.6e-5] 
                                                                                

Eval Franka Kitchen:   0%|          | 0/10 [00:00<?, ?it/s]
Eval Franka Kitchen:  30%|███       | 3/10 [00:06<00:15,  2.20s/it]
Eval Franka Kitchen:  60%|██████    | 6/10 [00:13<00:08,  2.18s/it]
Eval Franka Kitchen:  90%|█████████ | 9/10 [00:19<00:02,  2.18s/it]
                                                                   

Validation epoch 100:   0%|          | 0/5 [00:00<?, ?it/s]
                                                           

Training epoch 101:   0%|          | 0/25 [00:00<?, ?it/s]
Training epoch 101:  12%|█▏        | 3/25 [00:01<00:08,  2.60it/s, loss=2.42e-5]
Training epoch 101:  24%|██▍       | 6/25 [00:02<00:06,  2.72it/s, loss=2.65e-5]
Training epoch 101:  36%|███▌      | 9/25 [00:03<00:05,  2.76it/s, loss=2.88e-5]
Training epoch 101:  48%|████▊     | 12/25 [00:04<00:04,  2.78it/s, loss=2.79e-5]
Training epoch 101:  60%|██████    | 15/25 [00:05<00:03,  2.79it/s, loss=2.75e-5]
Training epoch 101:  72%|███████▏  | 18/25 [00:06<00:02,  2.80it/s, loss=2.64e-5]
Training epoch 101:  84%|████████▍ | 21/25 [00:07<00:01,  2.80it/s, loss=2.51e-5]
Training epoch 101:  96%|█████████▌| 24/25 [00:08<00:00,  2.80it/s, loss=2.55e-5]
                                                                                 

Validation epoch 101:   0%|          | 0/5 [00:00<?, ?it/s]
                                                           

Training epoch 102:   0%|          | 0/25 [00:00<?, ?it/s]
Training epoch 102:  12%|█▏        | 3/25 [00:01<00:08,  2.59it/s, loss=2.77e-5]
Training epoch 102:  24%|██▍       | 6/25 [00:02<00:06,  2.71it/s, loss=2.73e-5]
Training epoch 102:  36%|███▌      | 9/25 [00:03<00:05,  2.75it/s, loss=2.62e-5]
Training epoch 102:  48%|████▊     | 12/25 [00:04<00:04,  2.78it/s, loss=2.6e-5]
Training epoch 102:  60%|██████    | 15/25 [00:05<00:03,  2.79it/s, loss=2.65e-5]
Training epoch 102:  72%|███████▏  | 18/25 [00:06<00:02,  2.66it/s, loss=2.78e-5]
Training epoch 102:  84%|████████▍ | 21/25 [00:07<00:01,  2.64it/s, loss=2.72e-5]
Training epoch 102:  96%|█████████▌| 24/25 [00:08<00:00,  2.62it/s, loss=2.49e-5]
                                                                                 

Validation epoch 102:   0%|          | 0/5 [00:00<?, ?it/s]
                                                           

Training epoch 103:   0%|          | 0/25 [00:00<?, ?it/s]
Training epoch 103:  12%|█▏        | 3/25 [00:01<00:08,  2.60it/s, loss=2.62e-5]
Training epoch 103:  24%|██▍       | 6/25 [00:02<00:06,  2.71it/s, loss=2.44e-5]
Training epoch 103:  36%|███▌      | 9/25 [00:03<00:05,  2.76it/s, loss=2.96e-5]
Training epoch 103:  48%|████▊     | 12/25 [00:04<00:04,  2.78it/s, loss=2.69e-5]
Training epoch 103:  60%|██████    | 15/25 [00:05<00:03,  2.78it/s, loss=2.57e-5]
Training epoch 103:  72%|███████▏  | 18/25 [00:06<00:02,  2.78it/s, loss=2.28e-5]
Training epoch 103:  84%|████████▍ | 21/25 [00:07<00:01,  2.79it/s, loss=2.7e-5] 
Training epoch 103:  96%|█████████▌| 24/25 [00:08<00:00,  2.75it/s, loss=2.53e-5]
                                                                                 

Validation epoch 103:   0%|          | 0/5 [00:00<?, ?it/s]
                                                           

Training epoch 104:   0%|          | 0/25 [00:00<?, ?it/s]
Training epoch 104:  12%|█▏        | 3/25 [00:01<00:08,  2.50it/s, loss=2.94e-5]
Training epoch 104:  24%|██▍       | 6/25 [00:02<00:07,  2.61it/s, loss=2.54e-5]
Training epoch 104:  36%|███▌      | 9/25 [00:03<00:06,  2.65it/s, loss=2.99e-5]
Training epoch 104:  48%|████▊     | 12/25 [00:04<00:04,  2.66it/s, loss=2.45e-5]
Training epoch 104:  60%|██████    | 15/25 [00:05<00:03,  2.67it/s, loss=2.52e-5]
Training epoch 104:  72%|███████▏  | 18/25 [00:06<00:02,  2.68it/s, loss=2.78e-5]
Training epoch 104:  84%|████████▍ | 21/25 [00:07<00:01,  2.68it/s, loss=2.46e-5]
Training epoch 104:  96%|█████████▌| 24/25 [00:09<00:00,  2.69it/s, loss=2.45e-5]
                                                                                 

Validation epoch 104:   0%|          | 0/5 [00:00<?, ?it/s]
                                                           

Training epoch 105:   0%|          | 0/25 [00:00<?, ?it/s]
Training epoch 105:  12%|█▏        | 3/25 [00:01<00:08,  2.45it/s, loss=2.53e-5]
Training epoch 105:  24%|██▍       | 6/25 [00:02<00:07,  2.58it/s, loss=2.75e-5]
Training epoch 105:  36%|███▌      | 9/25 [00:03<00:06,  2.63it/s, loss=2.81e-5]
Training epoch 105:  48%|████▊     | 12/25 [00:04<00:04,  2.65it/s, loss=2.76e-5]
Training epoch 105:  60%|██████    | 15/25 [00:05<00:03,  2.67it/s, loss=2.91e-5]
Training epoch 105:  72%|███████▏  | 18/25 [00:06<00:02,  2.67it/s, loss=2.46e-5]
Training epoch 105:  84%|████████▍ | 21/25 [00:07<00:01,  2.68it/s, loss=2.58e-5]
Training epoch 105:  96%|█████████▌| 24/25 [00:09<00:00,  2.68it/s, loss=2.57e-5]
                                                                                 

Validation epoch 105:   0%|          | 0/5 [00:00<?, ?it/s]
                                                           

Training epoch 106:   0%|          | 0/25 [00:00<?, ?it/s]
Training epoch 106:  12%|█▏        | 3/25 [00:01<00:08,  2.48it/s, loss=2.51e-5]
Training epoch 106:  24%|██▍       | 6/25 [00:02<00:07,  2.60it/s, loss=2.63e-5]
Training epoch 106:  36%|███▌      | 9/25 [00:03<00:06,  2.64it/s, loss=2.61e-5]
Training epoch 106:  48%|████▊     | 12/25 [00:04<00:04,  2.66it/s, loss=2.77e-5]
Training epoch 106:  60%|██████    | 15/25 [00:05<00:03,  2.67it/s, loss=2.85e-5]
Training epoch 106:  72%|███████▏  | 18/25 [00:06<00:02,  2.68it/s, loss=2.94e-5]
Training epoch 106:  84%|████████▍ | 21/25 [00:07<00:01,  2.68it/s, loss=2.8e-5] 
Training epoch 106:  96%|█████████▌| 24/25 [00:09<00:00,  2.68it/s, loss=2.48e-5]
                                                                                 

Validation epoch 106:   0%|          | 0/5 [00:00<?, ?it/s]
                                                           

Training epoch 107:   0%|          | 0/25 [00:00<?, ?it/s]
Training epoch 107:  12%|█▏        | 3/25 [00:01<00:10,  2.13it/s, loss=2.51e-5]
Training epoch 107:  24%|██▍       | 6/25 [00:02<00:08,  2.30it/s, loss=2.44e-5]
Training epoch 107:  36%|███▌      | 9/25 [00:03<00:06,  2.39it/s, loss=2.99e-5]
Training epoch 107:  48%|████▊     | 12/25 [00:05<00:05,  2.43it/s, loss=3.05e-5]
Training epoch 107:  60%|██████    | 15/25 [00:06<00:04,  2.46it/s, loss=2.53e-5]
Training epoch 107:  72%|███████▏  | 18/25 [00:07<00:02,  2.47it/s, loss=2.35e-5]
Training epoch 107:  84%|████████▍ | 21/25 [00:08<00:01,  2.48it/s, loss=2.54e-5]
Training epoch 107:  96%|█████████▌| 24/25 [00:09<00:00,  2.54it/s, loss=2.79e-5]
                                                                                 

Validation epoch 107:   0%|          | 0/5 [00:00<?, ?it/s]
                                                           

Training epoch 108:   0%|          | 0/25 [00:00<?, ?it/s]
Training epoch 108:  12%|█▏        | 3/25 [00:01<00:08,  2.48it/s, loss=2.33e-5]
Training epoch 108:  24%|██▍       | 6/25 [00:02<00:07,  2.60it/s, loss=2.58e-5]
Training epoch 108:  36%|███▌      | 9/25 [00:03<00:06,  2.64it/s, loss=2.57e-5]
Training epoch 108:  48%|████▊     | 12/25 [00:04<00:04,  2.66it/s, loss=2.72e-5]
Training epoch 108:  60%|██████    | 15/25 [00:05<00:03,  2.67it/s, loss=2.37e-5]
Training epoch 108:  72%|███████▏  | 18/25 [00:06<00:02,  2.68it/s, loss=2.63e-5]
Training epoch 108:  84%|████████▍ | 21/25 [00:07<00:01,  2.68it/s, loss=2.69e-5]
Training epoch 108:  96%|█████████▌| 24/25 [00:09<00:00,  2.69it/s, loss=2.85e-5]
                                                                                 

Validation epoch 108:   0%|          | 0/5 [00:00<?, ?it/s]
                                                           

Training epoch 109:   0%|          | 0/25 [00:00<?, ?it/s]
Training epoch 109:  12%|█▏        | 3/25 [00:01<00:08,  2.52it/s, loss=2.34e-5]
Training epoch 109:  24%|██▍       | 6/25 [00:02<00:07,  2.62it/s, loss=2.45e-5]
Training epoch 109:  36%|███▌      | 9/25 [00:03<00:06,  2.65it/s, loss=2.76e-5]
Training epoch 109:  48%|████▊     | 12/25 [00:04<00:04,  2.66it/s, loss=2.7e-5]
Training epoch 109:  60%|██████    | 15/25 [00:05<00:03,  2.67it/s, loss=2.47e-5]
Training epoch 109:  72%|███████▏  | 18/25 [00:06<00:02,  2.68it/s, loss=2.95e-5]
Training epoch 109:  84%|████████▍ | 21/25 [00:07<00:01,  2.68it/s, loss=2.66e-5]
Training epoch 109:  96%|█████████▌| 24/25 [00:09<00:00,  2.68it/s, loss=2.52e-5]
                                                                                 

Validation epoch 109:   0%|          | 0/5 [00:00<?, ?it/s]
                                                           

Training epoch 110:   0%|          | 0/25 [00:00<?, ?it/s]
Training epoch 110:  12%|█▏        | 3/25 [00:01<00:10,  2.19it/s, loss=2.55e-5]
Training epoch 110:  24%|██▍       | 6/25 [00:02<00:08,  2.30it/s, loss=2.81e-5]
Training epoch 110:  36%|███▌      | 9/25 [00:03<00:06,  2.41it/s, loss=2.63e-5]
Training epoch 110:  48%|████▊     | 12/25 [00:04<00:05,  2.47it/s, loss=2.77e-5]
Training epoch 110:  60%|██████    | 15/25 [00:06<00:04,  2.50it/s, loss=2.57e-5]
Training epoch 110:  72%|███████▏  | 18/25 [00:07<00:02,  2.52it/s, loss=2.53e-5]
Training epoch 110:  84%|████████▍ | 21/25 [00:08<00:01,  2.53it/s, loss=2.33e-5]
Training epoch 110:  96%|█████████▌| 24/25 [00:09<00:00,  2.54it/s, loss=2.85e-5]
                                                                                 

Validation epoch 110:   0%|          | 0/5 [00:00<?, ?it/s]
                                                           

Training epoch 111:   0%|          | 0/25 [00:00<?, ?it/s]
Training epoch 111:  12%|█▏        | 3/25 [00:01<00:08,  2.54it/s, loss=2.59e-5]
Training epoch 111:  24%|██▍       | 6/25 [00:02<00:07,  2.64it/s, loss=2.61e-5]
Training epoch 111:  36%|███▌      | 9/25 [00:03<00:05,  2.68it/s, loss=2.54e-5]
Training epoch 111:  48%|████▊     | 12/25 [00:04<00:04,  2.70it/s, loss=2.83e-5]
Training epoch 111:  60%|██████    | 15/25 [00:05<00:03,  2.71it/s, loss=2.56e-5]
Training epoch 111:  72%|███████▏  | 18/25 [00:06<00:02,  2.71it/s, loss=2.28e-5]
Training epoch 111:  84%|████████▍ | 21/25 [00:07<00:01,  2.72it/s, loss=2.42e-5]
Training epoch 111:  96%|█████████▌| 24/25 [00:08<00:00,  2.72it/s, loss=2.53e-5]
                                                                                 

Validation epoch 111:   0%|          | 0/5 [00:00<?, ?it/s]
                                                           

Training epoch 112:   0%|          | 0/25 [00:00<?, ?it/s]
Training epoch 112:  12%|█▏        | 3/25 [00:01<00:08,  2.47it/s, loss=2.6e-5]
Training epoch 112:  24%|██▍       | 6/25 [00:02<00:07,  2.58it/s, loss=2.4e-5]
Training epoch 112:  36%|███▌      | 9/25 [00:03<00:06,  2.62it/s, loss=2.54e-5]
Training epoch 112:  48%|████▊     | 12/25 [00:04<00:04,  2.63it/s, loss=2.54e-5]
Training epoch 112:  60%|██████    | 15/25 [00:05<00:03,  2.64it/s, loss=2.56e-5]
Training epoch 112:  72%|███████▏  | 18/25 [00:06<00:02,  2.65it/s, loss=2.57e-5]
Training epoch 112:  84%|████████▍ | 21/25 [00:07<00:01,  2.66it/s, loss=2.31e-5]
Training epoch 112:  96%|█████████▌| 24/25 [00:09<00:00,  2.66it/s, loss=2.66e-5]
                                                                                 

Validation epoch 112:   0%|          | 0/5 [00:00<?, ?it/s]
                                                           

Training epoch 113:   0%|          | 0/25 [00:00<?, ?it/s]
Training epoch 113:  12%|█▏        | 3/25 [00:01<00:08,  2.47it/s, loss=2.64e-5]
Training epoch 113:  24%|██▍       | 6/25 [00:02<00:07,  2.58it/s, loss=2.5e-5] 
Training epoch 113:  36%|███▌      | 9/25 [00:03<00:06,  2.61it/s, loss=2.31e-5]
Training epoch 113:  48%|████▊     | 12/25 [00:04<00:04,  2.63it/s, loss=2.87e-5]
Training epoch 113:  60%|██████    | 15/25 [00:05<00:03,  2.64it/s, loss=2.46e-5]
Training epoch 113:  72%|███████▏  | 18/25 [00:06<00:02,  2.64it/s, loss=2.6e-5] 
Training epoch 113:  84%|████████▍ | 21/25 [00:07<00:01,  2.65it/s, loss=2.61e-5]
Training epoch 113:  96%|█████████▌| 24/25 [00:09<00:00,  2.65it/s, loss=2.35e-5]
                                                                                 

Validation epoch 113:   0%|          | 0/5 [00:00<?, ?it/s]
                                                           

Training epoch 114:   0%|          | 0/25 [00:00<?, ?it/s]
Training epoch 114:  12%|█▏        | 3/25 [00:01<00:08,  2.45it/s, loss=2.69e-5]
Training epoch 114:  24%|██▍       | 6/25 [00:02<00:07,  2.57it/s, loss=2.54e-5]
Training epoch 114:  36%|███▌      | 9/25 [00:03<00:06,  2.61it/s, loss=2.62e-5]
Training epoch 114:  48%|████▊     | 12/25 [00:04<00:04,  2.63it/s, loss=2.53e-5]
Training epoch 114:  60%|██████    | 15/25 [00:05<00:03,  2.64it/s, loss=2.68e-5]
Training epoch 114:  72%|███████▏  | 18/25 [00:06<00:02,  2.65it/s, loss=2.63e-5]
Training epoch 114:  84%|████████▍ | 21/25 [00:07<00:01,  2.65it/s, loss=2.53e-5]
Training epoch 114:  96%|█████████▌| 24/25 [00:09<00:00,  2.65it/s, loss=2.35e-5]
                                                                                 

Validation epoch 114:   0%|          | 0/5 [00:00<?, ?it/s]
                                                           

Training epoch 115:   0%|          | 0/25 [00:00<?, ?it/s]
Training epoch 115:  12%|█▏        | 3/25 [00:01<00:08,  2.46it/s, loss=2.41e-5]
Training epoch 115:  24%|██▍       | 6/25 [00:02<00:07,  2.45it/s, loss=2.69e-5]
Training epoch 115:  36%|███▌      | 9/25 [00:03<00:06,  2.39it/s, loss=2.79e-5]
Training epoch 115:  48%|████▊     | 12/25 [00:04<00:05,  2.46it/s, loss=2.59e-5]
Training epoch 115:  60%|██████    | 15/25 [00:06<00:03,  2.50it/s, loss=2.68e-5]
Training epoch 115:  72%|███████▏  | 18/25 [00:07<00:02,  2.53it/s, loss=2.79e-5]
Training epoch 115:  84%|████████▍ | 21/25 [00:08<00:01,  2.54it/s, loss=2.67e-5]
Training epoch 115:  96%|█████████▌| 24/25 [00:09<00:00,  2.56it/s, loss=2.68e-5]
                                                                                 

Validation epoch 115:   0%|          | 0/5 [00:00<?, ?it/s]
                                                           

Training epoch 116:   0%|          | 0/25 [00:00<?, ?it/s]
Training epoch 116:  12%|█▏        | 3/25 [00:01<00:08,  2.54it/s, loss=2.7e-5]
Training epoch 116:  24%|██▍       | 6/25 [00:02<00:07,  2.65it/s, loss=2.61e-5]
Training epoch 116:  36%|███▌      | 9/25 [00:03<00:05,  2.68it/s, loss=2.42e-5]
Training epoch 116:  48%|████▊     | 12/25 [00:04<00:04,  2.70it/s, loss=2.66e-5]
Training epoch 116:  60%|██████    | 15/25 [00:05<00:03,  2.71it/s, loss=2.77e-5]
Training epoch 116:  72%|███████▏  | 18/25 [00:06<00:02,  2.72it/s, loss=2.4e-5] 
Training epoch 116:  84%|████████▍ | 21/25 [00:07<00:01,  2.72it/s, loss=2.57e-5]
Training epoch 116:  96%|█████████▌| 24/25 [00:08<00:00,  2.72it/s, loss=2.82e-5]
                                                                                 

Validation epoch 116:   0%|          | 0/5 [00:00<?, ?it/s]
                                                           

Training epoch 117:   0%|          | 0/25 [00:00<?, ?it/s]
Training epoch 117:  12%|█▏        | 3/25 [00:01<00:08,  2.46it/s, loss=2.29e-5]
Training epoch 117:  24%|██▍       | 6/25 [00:02<00:07,  2.57it/s, loss=2.44e-5]
Training epoch 117:  36%|███▌      | 9/25 [00:03<00:06,  2.61it/s, loss=2.46e-5]
Training epoch 117:  48%|████▊     | 12/25 [00:04<00:04,  2.63it/s, loss=2.61e-5]
Training epoch 117:  60%|██████    | 15/25 [00:05<00:03,  2.64it/s, loss=2.72e-5]
Training epoch 117:  72%|███████▏  | 18/25 [00:06<00:02,  2.65it/s, loss=2.57e-5]
Training epoch 117:  84%|████████▍ | 21/25 [00:07<00:01,  2.65it/s, loss=2.51e-5]
Training epoch 117:  96%|█████████▌| 24/25 [00:09<00:00,  2.66it/s, loss=2.16e-5]
                                                                                 

Validation epoch 117:   0%|          | 0/5 [00:00<?, ?it/s]
                                                           

Training epoch 118:   0%|          | 0/25 [00:00<?, ?it/s]
Training epoch 118:  12%|█▏        | 3/25 [00:01<00:08,  2.48it/s, loss=2.58e-5]
Training epoch 118:  24%|██▍       | 6/25 [00:02<00:07,  2.58it/s, loss=2.44e-5]
Training epoch 118:  36%|███▌      | 9/25 [00:03<00:06,  2.62it/s, loss=2.75e-5]
Training epoch 118:  48%|████▊     | 12/25 [00:04<00:04,  2.64it/s, loss=2.5e-5]
Training epoch 118:  60%|██████    | 15/25 [00:05<00:03,  2.65it/s, loss=2.54e-5]
Training epoch 118:  72%|███████▏  | 18/25 [00:06<00:02,  2.65it/s, loss=2.65e-5]
Training epoch 118:  84%|████████▍ | 21/25 [00:07<00:01,  2.66it/s, loss=2.44e-5]
Training epoch 118:  96%|█████████▌| 24/25 [00:09<00:00,  2.66it/s, loss=2.51e-5]
                                                                                 

Validation epoch 118:   0%|          | 0/5 [00:00<?, ?it/s]
                                                           

Training epoch 119:   0%|          | 0/25 [00:00<?, ?it/s]
Training epoch 119:  12%|█▏        | 3/25 [00:01<00:08,  2.47it/s, loss=2.71e-5]
Training epoch 119:  24%|██▍       | 6/25 [00:02<00:07,  2.58it/s, loss=2.27e-5]
Training epoch 119:  36%|███▌      | 9/25 [00:03<00:06,  2.61it/s, loss=3.04e-5]
Training epoch 119:  48%|████▊     | 12/25 [00:04<00:04,  2.63it/s, loss=2.78e-5]
Training epoch 119:  60%|██████    | 15/25 [00:05<00:03,  2.65it/s, loss=2.72e-5]
Training epoch 119:  72%|███████▏  | 18/25 [00:06<00:02,  2.65it/s, loss=2.56e-5]
Training epoch 119:  84%|████████▍ | 21/25 [00:07<00:01,  2.66it/s, loss=2.21e-5]
Training epoch 119:  96%|█████████▌| 24/25 [00:09<00:00,  2.66it/s, loss=2.47e-5]
                                                                                 

Validation epoch 119:   0%|          | 0/5 [00:00<?, ?it/s]
                                                           

Training epoch 120:   0%|          | 0/25 [00:00<?, ?it/s]
Training epoch 120:  12%|█▏        | 3/25 [00:01<00:09,  2.23it/s, loss=2.16e-5]
Training epoch 120:  24%|██▍       | 6/25 [00:02<00:08,  2.28it/s, loss=2.37e-5]
Training epoch 120:  36%|███▌      | 9/25 [00:03<00:06,  2.35it/s, loss=2.5e-5] 
Training epoch 120:  48%|████▊     | 12/25 [00:05<00:05,  2.44it/s, loss=2.54e-5]
Training epoch 120:  60%|██████    | 15/25 [00:06<00:04,  2.49it/s, loss=2.86e-5]
Training epoch 120:  72%|███████▏  | 18/25 [00:07<00:02,  2.52it/s, loss=2.71e-5]
Training epoch 120:  84%|████████▍ | 21/25 [00:08<00:01,  2.54it/s, loss=2.8e-5] 
Training epoch 120:  96%|█████████▌| 24/25 [00:09<00:00,  2.56it/s, loss=2.64e-5]
                                                                                 

Validation epoch 120:   0%|          | 0/5 [00:00<?, ?it/s]
                                                           

Training epoch 121:   0%|          | 0/25 [00:00<?, ?it/s]
Training epoch 121:  12%|█▏        | 3/25 [00:01<00:08,  2.64it/s, loss=2.75e-5]
Training epoch 121:  24%|██▍       | 6/25 [00:02<00:07,  2.71it/s, loss=2.54e-5]
Training epoch 121:  36%|███▌      | 9/25 [00:03<00:05,  2.73it/s, loss=2.91e-5]
Training epoch 121:  48%|████▊     | 12/25 [00:04<00:04,  2.74it/s, loss=2.54e-5]
Training epoch 121:  60%|██████    | 15/25 [00:05<00:03,  2.75it/s, loss=2.66e-5]
Training epoch 121:  72%|███████▏  | 18/25 [00:06<00:02,  2.75it/s, loss=2.25e-5]
Training epoch 121:  84%|████████▍ | 21/25 [00:07<00:01,  2.75it/s, loss=2.44e-5]
Training epoch 121:  96%|█████████▌| 24/25 [00:08<00:00,  2.75it/s, loss=2.6e-5] 
                                                                                

Validation epoch 121:   0%|          | 0/5 [00:00<?, ?it/s]
                                                           

Training epoch 122:   0%|          | 0/25 [00:00<?, ?it/s]
Training epoch 122:  12%|█▏        | 3/25 [00:01<00:08,  2.66it/s, loss=2.58e-5]
Training epoch 122:  24%|██▍       | 6/25 [00:02<00:07,  2.71it/s, loss=2.53e-5]
Training epoch 122:  36%|███▌      | 9/25 [00:03<00:05,  2.73it/s, loss=2.68e-5]
Training epoch 122:  48%|████▊     | 12/25 [00:04<00:04,  2.74it/s, loss=2.53e-5]
Training epoch 122:  60%|██████    | 15/25 [00:05<00:03,  2.75it/s, loss=2.5e-5] 
Training epoch 122:  72%|███████▏  | 18/25 [00:06<00:02,  2.75it/s, loss=2.53e-5]
Training epoch 122:  84%|████████▍ | 21/25 [00:07<00:01,  2.75it/s, loss=2.64e-5]
Training epoch 122:  96%|█████████▌| 24/25 [00:08<00:00,  2.76it/s, loss=2.39e-5]
                                                                                 

Validation epoch 122:   0%|          | 0/5 [00:00<?, ?it/s]
                                                           

Training epoch 123:   0%|          | 0/25 [00:00<?, ?it/s]
Training epoch 123:  12%|█▏        | 3/25 [00:01<00:08,  2.68it/s, loss=2.66e-5]
Training epoch 123:  24%|██▍       | 6/25 [00:02<00:06,  2.76it/s, loss=2.62e-5]
Training epoch 123:  36%|███▌      | 9/25 [00:03<00:05,  2.79it/s, loss=2.49e-5]
Training epoch 123:  48%|████▊     | 12/25 [00:04<00:04,  2.80it/s, loss=2.46e-5]
Training epoch 123:  60%|██████    | 15/25 [00:05<00:03,  2.80it/s, loss=2.58e-5]
Training epoch 123:  72%|███████▏  | 18/25 [00:06<00:02,  2.81it/s, loss=2.66e-5]
Training epoch 123:  84%|████████▍ | 21/25 [00:07<00:01,  2.81it/s, loss=2.63e-5]
Training epoch 123:  96%|█████████▌| 24/25 [00:08<00:00,  2.81it/s, loss=2.39e-5]
                                                                                 

Validation epoch 123:   0%|          | 0/5 [00:00<?, ?it/s]
                                                           

Training epoch 124:   0%|          | 0/25 [00:00<?, ?it/s]
Training epoch 124:  12%|█▏        | 3/25 [00:01<00:08,  2.70it/s, loss=2.25e-5]
Training epoch 124:  24%|██▍       | 6/25 [00:02<00:06,  2.77it/s, loss=2.32e-5]
Training epoch 124:  36%|███▌      | 9/25 [00:03<00:05,  2.79it/s, loss=2.15e-5]
Training epoch 124:  48%|████▊     | 12/25 [00:04<00:04,  2.80it/s, loss=2.53e-5]
Training epoch 124:  60%|██████    | 15/25 [00:05<00:03,  2.81it/s, loss=2.75e-5]
Training epoch 124:  72%|███████▏  | 18/25 [00:06<00:02,  2.81it/s, loss=2.7e-5] 
Training epoch 124:  84%|████████▍ | 21/25 [00:07<00:01,  2.81it/s, loss=2.67e-5]
Training epoch 124:  96%|█████████▌| 24/25 [00:08<00:00,  2.81it/s, loss=2.6e-5] 
                                                                                

Validation epoch 124:   0%|          | 0/5 [00:00<?, ?it/s]
                                                           

Training epoch 125:   0%|          | 0/25 [00:00<?, ?it/s]
Training epoch 125:  12%|█▏        | 3/25 [00:01<00:08,  2.70it/s, loss=2.41e-5]
Training epoch 125:  24%|██▍       | 6/25 [00:02<00:06,  2.76it/s, loss=2.42e-5]
Training epoch 125:  36%|███▌      | 9/25 [00:03<00:05,  2.79it/s, loss=2.62e-5]
Training epoch 125:  48%|████▊     | 12/25 [00:04<00:04,  2.80it/s, loss=2.66e-5]
Training epoch 125:  60%|██████    | 15/25 [00:05<00:03,  2.80it/s, loss=2.37e-5]
Training epoch 125:  72%|███████▏  | 18/25 [00:06<00:02,  2.81it/s, loss=2.44e-5]
Training epoch 125:  84%|████████▍ | 21/25 [00:07<00:01,  2.81it/s, loss=2.69e-5]
Training epoch 125:  96%|█████████▌| 24/25 [00:08<00:00,  2.81it/s, loss=2.66e-5]
                                                                                 

Validation epoch 125:   0%|          | 0/5 [00:00<?, ?it/s]
                                                           

Training epoch 126:   0%|          | 0/25 [00:00<?, ?it/s]
Training epoch 126:  12%|█▏        | 3/25 [00:01<00:08,  2.70it/s, loss=2.91e-5]
Training epoch 126:  24%|██▍       | 6/25 [00:02<00:06,  2.76it/s, loss=2.21e-5]
Training epoch 126:  36%|███▌      | 9/25 [00:03<00:05,  2.79it/s, loss=2.45e-5]
Training epoch 126:  48%|████▊     | 12/25 [00:04<00:04,  2.80it/s, loss=2.91e-5]
Training epoch 126:  60%|██████    | 15/25 [00:05<00:03,  2.81it/s, loss=2.6e-5] 
Training epoch 126:  72%|███████▏  | 18/25 [00:06<00:02,  2.81it/s, loss=2.72e-5]
Training epoch 126:  84%|████████▍ | 21/25 [00:07<00:01,  2.81it/s, loss=2.79e-5]
Training epoch 126:  96%|█████████▌| 24/25 [00:08<00:00,  2.82it/s, loss=2.52e-5]
                                                                                 

Validation epoch 126:   0%|          | 0/5 [00:00<?, ?it/s]
                                                           

Training epoch 127:   0%|          | 0/25 [00:00<?, ?it/s]
Training epoch 127:  12%|█▏        | 3/25 [00:01<00:08,  2.69it/s, loss=2.31e-5]
Training epoch 127:  24%|██▍       | 6/25 [00:02<00:06,  2.77it/s, loss=2.45e-5]
Training epoch 127:  36%|███▌      | 9/25 [00:03<00:05,  2.79it/s, loss=2.62e-5]
Training epoch 127:  48%|████▊     | 12/25 [00:04<00:04,  2.80it/s, loss=2.84e-5]
Training epoch 127:  60%|██████    | 15/25 [00:05<00:03,  2.81it/s, loss=2.86e-5]
Training epoch 127:  72%|███████▏  | 18/25 [00:06<00:02,  2.81it/s, loss=2.59e-5]
Training epoch 127:  84%|████████▍ | 21/25 [00:07<00:01,  2.81it/s, loss=2.5e-5] 
Training epoch 127:  96%|█████████▌| 24/25 [00:08<00:00,  2.81it/s, loss=2.65e-5]
                                                                                 

Validation epoch 127:   0%|          | 0/5 [00:00<?, ?it/s]
                                                           

Training epoch 128:   0%|          | 0/25 [00:00<?, ?it/s]
Training epoch 128:  12%|█▏        | 3/25 [00:01<00:08,  2.70it/s, loss=2.45e-5]
Training epoch 128:  24%|██▍       | 6/25 [00:02<00:06,  2.76it/s, loss=2.31e-5]
Training epoch 128:  36%|███▌      | 9/25 [00:03<00:05,  2.79it/s, loss=2.52e-5]
Training epoch 128:  48%|████▊     | 12/25 [00:04<00:04,  2.80it/s, loss=2.26e-5]
Training epoch 128:  60%|██████    | 15/25 [00:05<00:03,  2.81it/s, loss=2.4e-5] 
Training epoch 128:  72%|███████▏  | 18/25 [00:06<00:02,  2.81it/s, loss=2.64e-5]
Training epoch 128:  84%|████████▍ | 21/25 [00:07<00:01,  2.81it/s, loss=2.56e-5]
Training epoch 128:  96%|█████████▌| 24/25 [00:08<00:00,  2.81it/s, loss=2.81e-5]
                                                                                 

Validation epoch 128:   0%|          | 0/5 [00:00<?, ?it/s]
                                                           

Training epoch 129:   0%|          | 0/25 [00:00<?, ?it/s]
Training epoch 129:  12%|█▏        | 3/25 [00:01<00:08,  2.70it/s, loss=2.51e-5]
Training epoch 129:  24%|██▍       | 6/25 [00:02<00:06,  2.77it/s, loss=2.37e-5]
Training epoch 129:  36%|███▌      | 9/25 [00:03<00:05,  2.79it/s, loss=2.8e-5] 
Training epoch 129:  48%|████▊     | 12/25 [00:04<00:04,  2.80it/s, loss=2.6e-5]
Training epoch 129:  60%|██████    | 15/25 [00:05<00:03,  2.80it/s, loss=2.65e-5]
Training epoch 129:  72%|███████▏  | 18/25 [00:06<00:02,  2.81it/s, loss=3.15e-5]
Training epoch 129:  84%|████████▍ | 21/25 [00:07<00:01,  2.81it/s, loss=2.36e-5]
Training epoch 129:  96%|█████████▌| 24/25 [00:08<00:00,  2.81it/s, loss=2.61e-5]
                                                                                 

Validation epoch 129:   0%|          | 0/5 [00:00<?, ?it/s]
                                                           

Training epoch 130:   0%|          | 0/25 [00:00<?, ?it/s]
Training epoch 130:  12%|█▏        | 3/25 [00:01<00:08,  2.68it/s, loss=2.39e-5]
Training epoch 130:  24%|██▍       | 6/25 [00:02<00:06,  2.76it/s, loss=2.28e-5]
Training epoch 130:  36%|███▌      | 9/25 [00:03<00:05,  2.79it/s, loss=2.49e-5]
Training epoch 130:  48%|████▊     | 12/25 [00:04<00:04,  2.80it/s, loss=2.79e-5]
Training epoch 130:  60%|██████    | 15/25 [00:05<00:03,  2.81it/s, loss=2.4e-5] 
Training epoch 130:  72%|███████▏  | 18/25 [00:06<00:02,  2.81it/s, loss=2.54e-5]
Training epoch 130:  84%|████████▍ | 21/25 [00:07<00:01,  2.81it/s, loss=2.64e-5]
Training epoch 130:  96%|█████████▌| 24/25 [00:08<00:00,  2.81it/s, loss=2.46e-5]
                                                                                 

Validation epoch 130:   0%|          | 0/5 [00:00<?, ?it/s]
                                                           

Training epoch 131:   0%|          | 0/25 [00:00<?, ?it/s]
Training epoch 131:  12%|█▏        | 3/25 [00:01<00:08,  2.70it/s, loss=2.56e-5]
Training epoch 131:  24%|██▍       | 6/25 [00:02<00:06,  2.77it/s, loss=2.45e-5]
Training epoch 131:  36%|███▌      | 9/25 [00:03<00:05,  2.79it/s, loss=2.22e-5]
Training epoch 131:  48%|████▊     | 12/25 [00:04<00:04,  2.80it/s, loss=2.57e-5]
Training epoch 131:  60%|██████    | 15/25 [00:05<00:03,  2.81it/s, loss=2.46e-5]
Training epoch 131:  72%|███████▏  | 18/25 [00:06<00:02,  2.81it/s, loss=2.78e-5]
Training epoch 131:  84%|████████▍ | 21/25 [00:07<00:01,  2.81it/s, loss=2.85e-5]
Training epoch 131:  96%|█████████▌| 24/25 [00:08<00:00,  2.82it/s, loss=2.39e-5]
                                                                                 

Validation epoch 131:   0%|          | 0/5 [00:00<?, ?it/s]
                                                           

Training epoch 132:   0%|          | 0/25 [00:00<?, ?it/s]
Training epoch 132:  12%|█▏        | 3/25 [00:01<00:08,  2.70it/s, loss=2.43e-5]
Training epoch 132:  24%|██▍       | 6/25 [00:02<00:06,  2.77it/s, loss=2.43e-5]
Training epoch 132:  36%|███▌      | 9/25 [00:03<00:05,  2.79it/s, loss=2.45e-5]
Training epoch 132:  48%|████▊     | 12/25 [00:04<00:04,  2.80it/s, loss=2.53e-5]
Training epoch 132:  60%|██████    | 15/25 [00:05<00:03,  2.81it/s, loss=2.71e-5]
Training epoch 132:  72%|███████▏  | 18/25 [00:06<00:02,  2.81it/s, loss=2.81e-5]
Training epoch 132:  84%|████████▍ | 21/25 [00:07<00:01,  2.81it/s, loss=2.49e-5]
Training epoch 132:  96%|█████████▌| 24/25 [00:08<00:00,  2.82it/s, loss=2.12e-5]
                                                                                 

Validation epoch 132:   0%|          | 0/5 [00:00<?, ?it/s]
                                                           

Training epoch 133:   0%|          | 0/25 [00:00<?, ?it/s]
Training epoch 133:  12%|█▏        | 3/25 [00:01<00:08,  2.68it/s, loss=2.42e-5]
Training epoch 133:  24%|██▍       | 6/25 [00:02<00:06,  2.76it/s, loss=2.43e-5]
Training epoch 133:  36%|███▌      | 9/25 [00:03<00:05,  2.78it/s, loss=2.48e-5]
Training epoch 133:  48%|████▊     | 12/25 [00:04<00:04,  2.80it/s, loss=2.39e-5]
Training epoch 133:  60%|██████    | 15/25 [00:05<00:03,  2.81it/s, loss=2.79e-5]
Training epoch 133:  72%|███████▏  | 18/25 [00:06<00:02,  2.81it/s, loss=2.49e-5]
Training epoch 133:  84%|████████▍ | 21/25 [00:07<00:01,  2.82it/s, loss=2.54e-5]
Training epoch 133:  96%|█████████▌| 24/25 [00:08<00:00,  2.81it/s, loss=2.47e-5]
                                                                                 

Validation epoch 133:   0%|          | 0/5 [00:00<?, ?it/s]
                                                           

Training epoch 134:   0%|          | 0/25 [00:00<?, ?it/s]
Training epoch 134:  12%|█▏        | 3/25 [00:01<00:08,  2.70it/s, loss=2.55e-5]
Training epoch 134:  24%|██▍       | 6/25 [00:02<00:06,  2.77it/s, loss=2.32e-5]
Training epoch 134:  36%|███▌      | 9/25 [00:03<00:05,  2.79it/s, loss=2.39e-5]
Training epoch 134:  48%|████▊     | 12/25 [00:04<00:04,  2.80it/s, loss=2.68e-5]
Training epoch 134:  60%|██████    | 15/25 [00:05<00:03,  2.81it/s, loss=2.66e-5]
Training epoch 134:  72%|███████▏  | 18/25 [00:06<00:02,  2.81it/s, loss=2.58e-5]
Training epoch 134:  84%|████████▍ | 21/25 [00:07<00:01,  2.81it/s, loss=2.37e-5]
Training epoch 134:  96%|█████████▌| 24/25 [00:08<00:00,  2.82it/s, loss=2.8e-5] 
                                                                                

Validation epoch 134:   0%|          | 0/5 [00:00<?, ?it/s]
                                                           

Training epoch 135:   0%|          | 0/25 [00:00<?, ?it/s]
Training epoch 135:  12%|█▏        | 3/25 [00:01<00:08,  2.69it/s, loss=2.57e-5]
Training epoch 135:  24%|██▍       | 6/25 [00:02<00:06,  2.77it/s, loss=2.37e-5]
Training epoch 135:  36%|███▌      | 9/25 [00:03<00:05,  2.79it/s, loss=2.34e-5]
Training epoch 135:  48%|████▊     | 12/25 [00:04<00:04,  2.80it/s, loss=2.91e-5]
Training epoch 135:  60%|██████    | 15/25 [00:05<00:03,  2.81it/s, loss=2.55e-5]
Training epoch 135:  72%|███████▏  | 18/25 [00:06<00:02,  2.81it/s, loss=2.45e-5]
Training epoch 135:  84%|████████▍ | 21/25 [00:07<00:01,  2.81it/s, loss=2.57e-5]
Training epoch 135:  96%|█████████▌| 24/25 [00:08<00:00,  2.82it/s, loss=2.55e-5]
                                                                                 

Validation epoch 135:   0%|          | 0/5 [00:00<?, ?it/s]
                                                           

Training epoch 136:   0%|          | 0/25 [00:00<?, ?it/s]
Training epoch 136:  12%|█▏        | 3/25 [00:01<00:08,  2.69it/s, loss=2.46e-5]
Training epoch 136:  24%|██▍       | 6/25 [00:02<00:06,  2.77it/s, loss=2.34e-5]
Training epoch 136:  36%|███▌      | 9/25 [00:03<00:05,  2.79it/s, loss=2.42e-5]
Training epoch 136:  48%|████▊     | 12/25 [00:04<00:04,  2.80it/s, loss=2.23e-5]
Training epoch 136:  60%|██████    | 15/25 [00:05<00:03,  2.81it/s, loss=2.54e-5]
Training epoch 136:  72%|███████▏  | 18/25 [00:06<00:02,  2.81it/s, loss=2.51e-5]
Training epoch 136:  84%|████████▍ | 21/25 [00:07<00:01,  2.82it/s, loss=2.14e-5]
Training epoch 136:  96%|█████████▌| 24/25 [00:08<00:00,  2.82it/s, loss=2.65e-5]
                                                                                 

Validation epoch 136:   0%|          | 0/5 [00:00<?, ?it/s]
                                                           

Training epoch 137:   0%|          | 0/25 [00:00<?, ?it/s]
Training epoch 137:  12%|█▏        | 3/25 [00:01<00:08,  2.70it/s, loss=2.41e-5]
Training epoch 137:  24%|██▍       | 6/25 [00:02<00:06,  2.77it/s, loss=2.47e-5]
Training epoch 137:  36%|███▌      | 9/25 [00:03<00:05,  2.79it/s, loss=2.87e-5]
Training epoch 137:  48%|████▊     | 12/25 [00:04<00:04,  2.80it/s, loss=2.43e-5]
Training epoch 137:  60%|██████    | 15/25 [00:05<00:03,  2.81it/s, loss=2.42e-5]
Training epoch 137:  72%|███████▏  | 18/25 [00:06<00:02,  2.81it/s, loss=2.47e-5]
Training epoch 137:  84%|████████▍ | 21/25 [00:07<00:01,  2.82it/s, loss=2.62e-5]
Training epoch 137:  96%|█████████▌| 24/25 [00:08<00:00,  2.82it/s, loss=2.41e-5]
                                                                                 

Validation epoch 137:   0%|          | 0/5 [00:00<?, ?it/s]
                                                           

Training epoch 138:   0%|          | 0/25 [00:00<?, ?it/s]
Training epoch 138:  12%|█▏        | 3/25 [00:01<00:08,  2.71it/s, loss=2.39e-5]
Training epoch 138:  24%|██▍       | 6/25 [00:02<00:06,  2.77it/s, loss=2.31e-5]
Training epoch 138:  36%|███▌      | 9/25 [00:03<00:05,  2.79it/s, loss=2.8e-5] 
Training epoch 138:  48%|████▊     | 12/25 [00:04<00:04,  2.80it/s, loss=2.72e-5]
Training epoch 138:  60%|██████    | 15/25 [00:05<00:03,  2.81it/s, loss=2.66e-5]
Training epoch 138:  72%|███████▏  | 18/25 [00:06<00:02,  2.81it/s, loss=2.7e-5] 
Training epoch 138:  84%|████████▍ | 21/25 [00:07<00:01,  2.82it/s, loss=2.64e-5]
Training epoch 138:  96%|█████████▌| 24/25 [00:08<00:00,  2.82it/s, loss=2.36e-5]
                                                                                 

Validation epoch 138:   0%|          | 0/5 [00:00<?, ?it/s]
                                                           

Training epoch 139:   0%|          | 0/25 [00:00<?, ?it/s]
Training epoch 139:  12%|█▏        | 3/25 [00:01<00:08,  2.70it/s, loss=2.62e-5]
Training epoch 139:  24%|██▍       | 6/25 [00:02<00:06,  2.77it/s, loss=2.69e-5]
Training epoch 139:  36%|███▌      | 9/25 [00:03<00:05,  2.79it/s, loss=2.49e-5]
Training epoch 139:  48%|████▊     | 12/25 [00:04<00:04,  2.81it/s, loss=2.59e-5]
Training epoch 139:  60%|██████    | 15/25 [00:05<00:03,  2.81it/s, loss=2.23e-5]
Training epoch 139:  72%|███████▏  | 18/25 [00:06<00:02,  2.81it/s, loss=2.38e-5]
Training epoch 139:  84%|████████▍ | 21/25 [00:07<00:01,  2.81it/s, loss=2.45e-5]
Training epoch 139:  96%|█████████▌| 24/25 [00:08<00:00,  2.82it/s, loss=2.41e-5]
                                                                                 

Validation epoch 139:   0%|          | 0/5 [00:00<?, ?it/s]
                                                           

Training epoch 140:   0%|          | 0/25 [00:00<?, ?it/s]
Training epoch 140:  12%|█▏        | 3/25 [00:01<00:08,  2.70it/s, loss=2.6e-5]
Training epoch 140:  24%|██▍       | 6/25 [00:02<00:06,  2.77it/s, loss=2.55e-5]
Training epoch 140:  36%|███▌      | 9/25 [00:03<00:05,  2.79it/s, loss=2.31e-5]
Training epoch 140:  48%|████▊     | 12/25 [00:04<00:04,  2.80it/s, loss=2.12e-5]
Training epoch 140:  60%|██████    | 15/25 [00:05<00:03,  2.81it/s, loss=2.81e-5]
Training epoch 140:  72%|███████▏  | 18/25 [00:06<00:02,  2.81it/s, loss=2.55e-5]
Training epoch 140:  84%|████████▍ | 21/25 [00:07<00:01,  2.82it/s, loss=2.53e-5]
Training epoch 140:  96%|█████████▌| 24/25 [00:08<00:00,  2.82it/s, loss=2.34e-5]
                                                                                 

Validation epoch 140:   0%|          | 0/5 [00:00<?, ?it/s]
                                                           

Training epoch 141:   0%|          | 0/25 [00:00<?, ?it/s]
Training epoch 141:  12%|█▏        | 3/25 [00:01<00:08,  2.70it/s, loss=2.53e-5]
Training epoch 141:  24%|██▍       | 6/25 [00:02<00:06,  2.77it/s, loss=2.49e-5]
Training epoch 141:  36%|███▌      | 9/25 [00:03<00:05,  2.79it/s, loss=2.53e-5]
Training epoch 141:  48%|████▊     | 12/25 [00:04<00:04,  2.81it/s, loss=2.56e-5]
Training epoch 141:  60%|██████    | 15/25 [00:05<00:03,  2.81it/s, loss=2.15e-5]
Training epoch 141:  72%|███████▏  | 18/25 [00:06<00:02,  2.81it/s, loss=2.27e-5]
Training epoch 141:  84%|████████▍ | 21/25 [00:07<00:01,  2.82it/s, loss=2.58e-5]
Training epoch 141:  96%|█████████▌| 24/25 [00:08<00:00,  2.82it/s, loss=2.68e-5]
                                                                                 

Validation epoch 141:   0%|          | 0/5 [00:00<?, ?it/s]
                                                           

Training epoch 142:   0%|          | 0/25 [00:00<?, ?it/s]
Training epoch 142:  12%|█▏        | 3/25 [00:01<00:08,  2.69it/s, loss=2.45e-5]
Training epoch 142:  24%|██▍       | 6/25 [00:02<00:06,  2.77it/s, loss=2.38e-5]
Training epoch 142:  36%|███▌      | 9/25 [00:03<00:05,  2.79it/s, loss=2.75e-5]
Training epoch 142:  48%|████▊     | 12/25 [00:04<00:04,  2.80it/s, loss=2.53e-5]
Training epoch 142:  60%|██████    | 15/25 [00:05<00:03,  2.81it/s, loss=2.59e-5]
Training epoch 142:  72%|███████▏  | 18/25 [00:06<00:02,  2.81it/s, loss=2.25e-5]
Training epoch 142:  84%|████████▍ | 21/25 [00:07<00:01,  2.81it/s, loss=2.29e-5]
Training epoch 142:  96%|█████████▌| 24/25 [00:08<00:00,  2.82it/s, loss=2.4e-5] 
                                                                                

Validation epoch 142:   0%|          | 0/5 [00:00<?, ?it/s]
                                                           

Training epoch 143:   0%|          | 0/25 [00:00<?, ?it/s]
Training epoch 143:  12%|█▏        | 3/25 [00:01<00:08,  2.70it/s, loss=2.55e-5]
Training epoch 143:  24%|██▍       | 6/25 [00:02<00:06,  2.77it/s, loss=2.67e-5]
Training epoch 143:  36%|███▌      | 9/25 [00:03<00:05,  2.80it/s, loss=2.25e-5]
Training epoch 143:  48%|████▊     | 12/25 [00:04<00:04,  2.81it/s, loss=2.15e-5]
Training epoch 143:  60%|██████    | 15/25 [00:05<00:03,  2.81it/s, loss=2.43e-5]
Training epoch 143:  72%|███████▏  | 18/25 [00:06<00:02,  2.82it/s, loss=2.27e-5]
Training epoch 143:  84%|████████▍ | 21/25 [00:07<00:01,  2.82it/s, loss=2.38e-5]
Training epoch 143:  96%|█████████▌| 24/25 [00:08<00:00,  2.82it/s, loss=2.57e-5]
                                                                                 

Validation epoch 143:   0%|          | 0/5 [00:00<?, ?it/s]
                                                           

Training epoch 144:   0%|          | 0/25 [00:00<?, ?it/s]
Training epoch 144:  12%|█▏        | 3/25 [00:01<00:08,  2.71it/s, loss=2.4e-5]
Training epoch 144:  24%|██▍       | 6/25 [00:02<00:06,  2.77it/s, loss=2.53e-5]
Training epoch 144:  36%|███▌      | 9/25 [00:03<00:05,  2.80it/s, loss=2.47e-5]
Training epoch 144:  48%|████▊     | 12/25 [00:04<00:04,  2.81it/s, loss=2.64e-5]
Training epoch 144:  60%|██████    | 15/25 [00:05<00:03,  2.82it/s, loss=2.38e-5]
Training epoch 144:  72%|███████▏  | 18/25 [00:06<00:02,  2.82it/s, loss=2.71e-5]
Training epoch 144:  84%|████████▍ | 21/25 [00:07<00:01,  2.82it/s, loss=2.63e-5]
Training epoch 144:  96%|█████████▌| 24/25 [00:08<00:00,  2.82it/s, loss=2.23e-5]
                                                                                 

Validation epoch 144:   0%|          | 0/5 [00:00<?, ?it/s]
                                                           

Training epoch 145:   0%|          | 0/25 [00:00<?, ?it/s]
Training epoch 145:  12%|█▏        | 3/25 [00:01<00:08,  2.70it/s, loss=2.54e-5]
Training epoch 145:  24%|██▍       | 6/25 [00:02<00:06,  2.77it/s, loss=2.52e-5]
Training epoch 145:  36%|███▌      | 9/25 [00:03<00:05,  2.79it/s, loss=2.19e-5]
Training epoch 145:  48%|████▊     | 12/25 [00:04<00:04,  2.80it/s, loss=2.22e-5]
Training epoch 145:  60%|██████    | 15/25 [00:05<00:03,  2.80it/s, loss=2.57e-5]
Training epoch 145:  72%|███████▏  | 18/25 [00:06<00:02,  2.81it/s, loss=2.49e-5]
Training epoch 145:  84%|████████▍ | 21/25 [00:07<00:01,  2.81it/s, loss=2.51e-5]
Training epoch 145:  96%|█████████▌| 24/25 [00:08<00:00,  2.81it/s, loss=2.47e-5]
                                                                                 

Validation epoch 145:   0%|          | 0/5 [00:00<?, ?it/s]
                                                           

Training epoch 146:   0%|          | 0/25 [00:00<?, ?it/s]
Training epoch 146:  12%|█▏        | 3/25 [00:01<00:08,  2.69it/s, loss=2.37e-5]
Training epoch 146:  24%|██▍       | 6/25 [00:02<00:06,  2.77it/s, loss=2.35e-5]
Training epoch 146:  36%|███▌      | 9/25 [00:03<00:05,  2.79it/s, loss=2.19e-5]
Training epoch 146:  48%|████▊     | 12/25 [00:04<00:04,  2.81it/s, loss=2.12e-5]
Training epoch 146:  60%|██████    | 15/25 [00:05<00:03,  2.81it/s, loss=2.36e-5]
Training epoch 146:  72%|███████▏  | 18/25 [00:06<00:02,  2.81it/s, loss=2.48e-5]
Training epoch 146:  84%|████████▍ | 21/25 [00:07<00:01,  2.82it/s, loss=2.83e-5]
Training epoch 146:  96%|█████████▌| 24/25 [00:08<00:00,  2.81it/s, loss=2.41e-5]
                                                                                 

Validation epoch 146:   0%|          | 0/5 [00:00<?, ?it/s]
                                                           

Training epoch 147:   0%|          | 0/25 [00:00<?, ?it/s]
Training epoch 147:  12%|█▏        | 3/25 [00:01<00:08,  2.60it/s, loss=2.38e-5]
Training epoch 147:  24%|██▍       | 6/25 [00:02<00:06,  2.72it/s, loss=2.33e-5]
Training epoch 147:  36%|███▌      | 9/25 [00:03<00:05,  2.77it/s, loss=2.37e-5]
Training epoch 147:  48%|████▊     | 12/25 [00:04<00:04,  2.78it/s, loss=2.33e-5]
Training epoch 147:  60%|██████    | 15/25 [00:05<00:03,  2.79it/s, loss=2.74e-5]
Training epoch 147:  72%|███████▏  | 18/25 [00:06<00:02,  2.80it/s, loss=2.56e-5]
Training epoch 147:  84%|████████▍ | 21/25 [00:07<00:01,  2.81it/s, loss=2.32e-5]
Training epoch 147:  96%|█████████▌| 24/25 [00:08<00:00,  2.81it/s, loss=2.2e-5] 
                                                                                

Validation epoch 147:   0%|          | 0/5 [00:00<?, ?it/s]
                                                           

Training epoch 148:   0%|          | 0/25 [00:00<?, ?it/s]
Training epoch 148:  12%|█▏        | 3/25 [00:01<00:08,  2.70it/s, loss=2.31e-5]
Training epoch 148:  24%|██▍       | 6/25 [00:02<00:06,  2.76it/s, loss=2.29e-5]
Training epoch 148:  36%|███▌      | 9/25 [00:03<00:05,  2.79it/s, loss=2.38e-5]
Training epoch 148:  48%|████▊     | 12/25 [00:04<00:04,  2.79it/s, loss=2.46e-5]
Training epoch 148:  60%|██████    | 15/25 [00:05<00:03,  2.80it/s, loss=2.48e-5]
Training epoch 148:  72%|███████▏  | 18/25 [00:06<00:02,  2.80it/s, loss=2.3e-5] 
Training epoch 148:  84%|████████▍ | 21/25 [00:07<00:01,  2.80it/s, loss=2.74e-5]
Training epoch 148:  96%|█████████▌| 24/25 [00:08<00:00,  2.81it/s, loss=2.59e-5]
                                                                                 

Validation epoch 148:   0%|          | 0/5 [00:00<?, ?it/s]
                                                           

Training epoch 149:   0%|          | 0/25 [00:00<?, ?it/s]
Training epoch 149:  12%|█▏        | 3/25 [00:01<00:08,  2.56it/s, loss=2.86e-5]
Training epoch 149:  24%|██▍       | 6/25 [00:02<00:07,  2.70it/s, loss=2.69e-5]
Training epoch 149:  36%|███▌      | 9/25 [00:03<00:05,  2.75it/s, loss=2.26e-5]
Training epoch 149:  48%|████▊     | 12/25 [00:04<00:04,  2.77it/s, loss=2.41e-5]
Training epoch 149:  60%|██████    | 15/25 [00:05<00:03,  2.78it/s, loss=2.36e-5]
Training epoch 149:  72%|███████▏  | 18/25 [00:06<00:02,  2.79it/s, loss=2.63e-5]
Training epoch 149:  84%|████████▍ | 21/25 [00:07<00:01,  2.79it/s, loss=2.5e-5] 
Training epoch 149:  96%|█████████▌| 24/25 [00:08<00:00,  2.79it/s, loss=2.57e-5]
                                                                                 

Validation epoch 149:   0%|          | 0/5 [00:00<?, ?it/s]
                                                           

Training epoch 150:   0%|          | 0/25 [00:00<?, ?it/s]
Training epoch 150:  12%|█▏        | 3/25 [00:01<00:09,  2.25it/s, loss=2.5e-5]
Training epoch 150:  24%|██▍       | 6/25 [00:02<00:07,  2.44it/s, loss=2.47e-5]
Training epoch 150:  36%|███▌      | 9/25 [00:03<00:06,  2.50it/s, loss=2.21e-5]
Training epoch 150:  48%|████▊     | 12/25 [00:04<00:05,  2.54it/s, loss=2.39e-5]
Training epoch 150:  60%|██████    | 15/25 [00:05<00:03,  2.58it/s, loss=2.59e-5]
Training epoch 150:  72%|███████▏  | 18/25 [00:07<00:02,  2.64it/s, loss=2.5e-5] 
Training epoch 150:  84%|████████▍ | 21/25 [00:08<00:01,  2.67it/s, loss=2.49e-5]
Training epoch 150:  96%|█████████▌| 24/25 [00:09<00:00,  2.69it/s, loss=2.55e-5]
                                                                                 

Eval Franka Kitchen:   0%|          | 0/10 [00:00<?, ?it/s]
Eval Franka Kitchen:  30%|███       | 3/10 [00:06<00:15,  2.26s/it]
Eval Franka Kitchen:  60%|██████    | 6/10 [00:12<00:08,  2.08s/it]
Eval Franka Kitchen:  90%|█████████ | 9/10 [00:18<00:01,  1.97s/it]
                                                                   

Validation epoch 150:   0%|          | 0/5 [00:00<?, ?it/s]
                                                           

Training epoch 151:   0%|          | 0/25 [00:00<?, ?it/s]
Training epoch 151:  12%|█▏        | 3/25 [00:01<00:08,  2.62it/s, loss=3.05e-5]
Training epoch 151:  24%|██▍       | 6/25 [00:02<00:06,  2.72it/s, loss=2.02e-5]
Training epoch 151:  36%|███▌      | 9/25 [00:03<00:05,  2.76it/s, loss=2.27e-5]
Training epoch 151:  48%|████▊     | 12/25 [00:04<00:04,  2.78it/s, loss=2.48e-5]
Training epoch 151:  60%|██████    | 15/25 [00:05<00:03,  2.79it/s, loss=2.45e-5]
Training epoch 151:  72%|███████▏  | 18/25 [00:06<00:02,  2.80it/s, loss=2.4e-5] 
Training epoch 151:  84%|████████▍ | 21/25 [00:07<00:01,  2.80it/s, loss=2.39e-5]
Training epoch 151:  96%|█████████▌| 24/25 [00:08<00:00,  2.80it/s, loss=2.52e-5]
                                                                                 

Validation epoch 151:   0%|          | 0/5 [00:00<?, ?it/s]
                                                           

Training epoch 152:   0%|          | 0/25 [00:00<?, ?it/s]
Training epoch 152:  12%|█▏        | 3/25 [00:01<00:08,  2.59it/s, loss=2.24e-5]
Training epoch 152:  24%|██▍       | 6/25 [00:02<00:07,  2.71it/s, loss=2.05e-5]
Training epoch 152:  36%|███▌      | 9/25 [00:03<00:05,  2.76it/s, loss=2.45e-5]
Training epoch 152:  48%|████▊     | 12/25 [00:04<00:04,  2.77it/s, loss=2.38e-5]
Training epoch 152:  60%|██████    | 15/25 [00:05<00:03,  2.79it/s, loss=2.32e-5]
Training epoch 152:  72%|███████▏  | 18/25 [00:06<00:02,  2.79it/s, loss=2.34e-5]
Training epoch 152:  84%|████████▍ | 21/25 [00:07<00:01,  2.80it/s, loss=2.47e-5]
Training epoch 152:  96%|█████████▌| 24/25 [00:08<00:00,  2.80it/s, loss=2.53e-5]
                                                                                 

Validation epoch 152:   0%|          | 0/5 [00:00<?, ?it/s]
                                                           

Training epoch 153:   0%|          | 0/25 [00:00<?, ?it/s]
Training epoch 153:  12%|█▏        | 3/25 [00:01<00:08,  2.56it/s, loss=2.27e-5]
Training epoch 153:  24%|██▍       | 6/25 [00:02<00:07,  2.70it/s, loss=2.44e-5]
Training epoch 153:  36%|███▌      | 9/25 [00:03<00:05,  2.75it/s, loss=2.56e-5]
Training epoch 153:  48%|████▊     | 12/25 [00:04<00:04,  2.77it/s, loss=2.47e-5]
Training epoch 153:  60%|██████    | 15/25 [00:05<00:03,  2.78it/s, loss=2.53e-5]
Training epoch 153:  72%|███████▏  | 18/25 [00:06<00:02,  2.78it/s, loss=2.61e-5]
Training epoch 153:  84%|████████▍ | 21/25 [00:07<00:01,  2.79it/s, loss=2.47e-5]
Training epoch 153:  96%|█████████▌| 24/25 [00:08<00:00,  2.79it/s, loss=2.24e-5]
                                                                                 

Validation epoch 153:   0%|          | 0/5 [00:00<?, ?it/s]
                                                           

Training epoch 154:   0%|          | 0/25 [00:00<?, ?it/s]
Training epoch 154:  12%|█▏        | 3/25 [00:01<00:08,  2.60it/s, loss=2.29e-5]
Training epoch 154:  24%|██▍       | 6/25 [00:02<00:07,  2.70it/s, loss=2.4e-5] 
Training epoch 154:  36%|███▌      | 9/25 [00:03<00:05,  2.74it/s, loss=2.29e-5]
Training epoch 154:  48%|████▊     | 12/25 [00:04<00:04,  2.75it/s, loss=2.38e-5]
Training epoch 154:  60%|██████    | 15/25 [00:05<00:03,  2.76it/s, loss=2.28e-5]
Training epoch 154:  72%|███████▏  | 18/25 [00:06<00:02,  2.75it/s, loss=2.21e-5]
Training epoch 154:  84%|████████▍ | 21/25 [00:07<00:01,  2.74it/s, loss=2.68e-5]
Training epoch 154:  96%|█████████▌| 24/25 [00:08<00:00,  2.73it/s, loss=2.19e-5]
                                                                                 

Validation epoch 154:   0%|          | 0/5 [00:00<?, ?it/s]
                                                           

Training epoch 155:   0%|          | 0/25 [00:00<?, ?it/s]
Training epoch 155:  12%|█▏        | 3/25 [00:01<00:08,  2.52it/s, loss=2.38e-5]
Training epoch 155:  24%|██▍       | 6/25 [00:02<00:07,  2.64it/s, loss=2.39e-5]
Training epoch 155:  36%|███▌      | 9/25 [00:03<00:06,  2.66it/s, loss=2.49e-5]
Training epoch 155:  48%|████▊     | 12/25 [00:04<00:05,  2.59it/s, loss=2.47e-5]
Training epoch 155:  60%|██████    | 15/25 [00:05<00:03,  2.55it/s, loss=2.48e-5]
Training epoch 155:  72%|███████▏  | 18/25 [00:07<00:02,  2.53it/s, loss=2.28e-5]
Training epoch 155:  84%|████████▍ | 21/25 [00:08<00:01,  2.51it/s, loss=2.54e-5]
Training epoch 155:  96%|█████████▌| 24/25 [00:09<00:00,  2.45it/s, loss=2.3e-5] 
                                                                                

Validation epoch 155:   0%|          | 0/5 [00:00<?, ?it/s]
                                                           

Training epoch 156:   0%|          | 0/25 [00:00<?, ?it/s]
Training epoch 156:  12%|█▏        | 3/25 [00:01<00:09,  2.43it/s, loss=2.74e-5]
Training epoch 156:  24%|██▍       | 6/25 [00:02<00:07,  2.57it/s, loss=2.23e-5]
Training epoch 156:  36%|███▌      | 9/25 [00:03<00:06,  2.62it/s, loss=2.3e-5] 
Training epoch 156:  48%|████▊     | 12/25 [00:04<00:04,  2.65it/s, loss=2.11e-5]
Training epoch 156:  60%|██████    | 15/25 [00:05<00:03,  2.67it/s, loss=2.5e-5] 
Training epoch 156:  72%|███████▏  | 18/25 [00:06<00:02,  2.67it/s, loss=2.54e-5]
Training epoch 156:  84%|████████▍ | 21/25 [00:07<00:01,  2.68it/s, loss=2.65e-5]
Training epoch 156:  96%|█████████▌| 24/25 [00:09<00:00,  2.68it/s, loss=2.32e-5]
                                                                                 

Validation epoch 156:   0%|          | 0/5 [00:00<?, ?it/s]
                                                           

Training epoch 157:   0%|          | 0/25 [00:00<?, ?it/s]
Training epoch 157:  12%|█▏        | 3/25 [00:01<00:08,  2.51it/s, loss=2.67e-5]
Training epoch 157:  24%|██▍       | 6/25 [00:02<00:07,  2.60it/s, loss=2.15e-5]
Training epoch 157:  36%|███▌      | 9/25 [00:03<00:06,  2.64it/s, loss=2.48e-5]
Training epoch 157:  48%|████▊     | 12/25 [00:04<00:04,  2.66it/s, loss=2.43e-5]
Training epoch 157:  60%|██████    | 15/25 [00:05<00:03,  2.67it/s, loss=2.23e-5]
Training epoch 157:  72%|███████▏  | 18/25 [00:06<00:02,  2.68it/s, loss=2.57e-5]
Training epoch 157:  84%|████████▍ | 21/25 [00:07<00:01,  2.68it/s, loss=2.56e-5]
Training epoch 157:  96%|█████████▌| 24/25 [00:09<00:00,  2.69it/s, loss=2.81e-5]
                                                                                 

Validation epoch 157:   0%|          | 0/5 [00:00<?, ?it/s]
                                                           

Training epoch 158:   0%|          | 0/25 [00:00<?, ?it/s]
Training epoch 158:  12%|█▏        | 3/25 [00:01<00:08,  2.46it/s, loss=2.4e-5]
Training epoch 158:  24%|██▍       | 6/25 [00:02<00:07,  2.59it/s, loss=2.58e-5]
Training epoch 158:  36%|███▌      | 9/25 [00:03<00:06,  2.63it/s, loss=2.31e-5]
Training epoch 158:  48%|████▊     | 12/25 [00:04<00:04,  2.65it/s, loss=2.44e-5]
Training epoch 158:  60%|██████    | 15/25 [00:05<00:03,  2.66it/s, loss=2.52e-5]
Training epoch 158:  72%|███████▏  | 18/25 [00:06<00:02,  2.68it/s, loss=2.32e-5]
Training epoch 158:  84%|████████▍ | 21/25 [00:07<00:01,  2.68it/s, loss=2.23e-5]
Training epoch 158:  96%|█████████▌| 24/25 [00:09<00:00,  2.68it/s, loss=2.69e-5]
                                                                                 

Validation epoch 158:   0%|          | 0/5 [00:00<?, ?it/s]
                                                           

Training epoch 159:   0%|          | 0/25 [00:00<?, ?it/s]
Training epoch 159:  12%|█▏        | 3/25 [00:01<00:08,  2.57it/s, loss=2.28e-5]
Training epoch 159:  24%|██▍       | 6/25 [00:02<00:07,  2.69it/s, loss=2.43e-5]
Training epoch 159:  36%|███▌      | 9/25 [00:03<00:05,  2.73it/s, loss=2.21e-5]
Training epoch 159:  48%|████▊     | 12/25 [00:04<00:04,  2.72it/s, loss=2.53e-5]
Training epoch 159:  60%|██████    | 15/25 [00:05<00:03,  2.70it/s, loss=2.66e-5]
Training epoch 159:  72%|███████▏  | 18/25 [00:06<00:02,  2.68it/s, loss=2.74e-5]
Training epoch 159:  84%|████████▍ | 21/25 [00:07<00:01,  2.67it/s, loss=2.57e-5]
Training epoch 159:  96%|█████████▌| 24/25 [00:08<00:00,  2.66it/s, loss=2.16e-5]
                                                                                 

Validation epoch 159:   0%|          | 0/5 [00:00<?, ?it/s]
                                                           

Training epoch 160:   0%|          | 0/25 [00:00<?, ?it/s]
Training epoch 160:  12%|█▏        | 3/25 [00:01<00:08,  2.58it/s, loss=2.27e-5]
Training epoch 160:  24%|██▍       | 6/25 [00:02<00:07,  2.49it/s, loss=2.02e-5]
Training epoch 160:  36%|███▌      | 9/25 [00:03<00:06,  2.47it/s, loss=2.14e-5]
Training epoch 160:  48%|████▊     | 12/25 [00:04<00:05,  2.52it/s, loss=2.23e-5]
Training epoch 160:  60%|██████    | 15/25 [00:05<00:03,  2.57it/s, loss=2.22e-5]
Training epoch 160:  72%|███████▏  | 18/25 [00:07<00:02,  2.60it/s, loss=2.71e-5]
Training epoch 160:  84%|████████▍ | 21/25 [00:08<00:01,  2.61it/s, loss=2.85e-5]
Training epoch 160:  96%|█████████▌| 24/25 [00:09<00:00,  2.62it/s, loss=2.59e-5]
                                                                                 

Validation epoch 160:   0%|          | 0/5 [00:00<?, ?it/s]
                                                           

Training epoch 161:   0%|          | 0/25 [00:00<?, ?it/s]
Training epoch 161:  12%|█▏        | 3/25 [00:01<00:08,  2.55it/s, loss=2.57e-5]
Training epoch 161:  24%|██▍       | 6/25 [00:02<00:07,  2.61it/s, loss=2.54e-5]
Training epoch 161:  36%|███▌      | 9/25 [00:03<00:06,  2.63it/s, loss=2.74e-5]
Training epoch 161:  48%|████▊     | 12/25 [00:04<00:04,  2.63it/s, loss=2.71e-5]
Training epoch 161:  60%|██████    | 15/25 [00:05<00:03,  2.63it/s, loss=2.47e-5]
Training epoch 161:  72%|███████▏  | 18/25 [00:06<00:02,  2.64it/s, loss=2.55e-5]
Training epoch 161:  84%|████████▍ | 21/25 [00:07<00:01,  2.64it/s, loss=2.26e-5]
Training epoch 161:  96%|█████████▌| 24/25 [00:09<00:00,  2.64it/s, loss=2.64e-5]
                                                                                 

Validation epoch 161:   0%|          | 0/5 [00:00<?, ?it/s]
                                                           

Training epoch 162:   0%|          | 0/25 [00:00<?, ?it/s]
Training epoch 162:  12%|█▏        | 3/25 [00:01<00:08,  2.56it/s, loss=2.62e-5]
Training epoch 162:  24%|██▍       | 6/25 [00:02<00:07,  2.70it/s, loss=2.41e-5]
Training epoch 162:  36%|███▌      | 9/25 [00:03<00:05,  2.75it/s, loss=2.45e-5]
Training epoch 162:  48%|████▊     | 12/25 [00:04<00:04,  2.70it/s, loss=2.41e-5]
Training epoch 162:  60%|██████    | 15/25 [00:05<00:03,  2.59it/s, loss=2.19e-5]
Training epoch 162:  72%|███████▏  | 18/25 [00:06<00:02,  2.59it/s, loss=2.48e-5]
Training epoch 162:  84%|████████▍ | 21/25 [00:07<00:01,  2.60it/s, loss=2.32e-5]
Training epoch 162:  96%|█████████▌| 24/25 [00:09<00:00,  2.60it/s, loss=2.28e-5]
                                                                                 

Validation epoch 162:   0%|          | 0/5 [00:00<?, ?it/s]
                                                           

Training epoch 163:   0%|          | 0/25 [00:00<?, ?it/s]
Training epoch 163:  12%|█▏        | 3/25 [00:01<00:08,  2.57it/s, loss=2.47e-5]
Training epoch 163:  24%|██▍       | 6/25 [00:02<00:07,  2.70it/s, loss=2.34e-5]
Training epoch 163:  36%|███▌      | 9/25 [00:03<00:05,  2.75it/s, loss=2.36e-5]
Training epoch 163:  48%|████▊     | 12/25 [00:04<00:04,  2.65it/s, loss=2.53e-5]
Training epoch 163:  60%|██████    | 15/25 [00:05<00:03,  2.55it/s, loss=2.52e-5]
Training epoch 163:  72%|███████▏  | 18/25 [00:06<00:02,  2.55it/s, loss=2.31e-5]
Training epoch 163:  84%|████████▍ | 21/25 [00:08<00:01,  2.58it/s, loss=2.23e-5]
Training epoch 163:  96%|█████████▌| 24/25 [00:09<00:00,  2.59it/s, loss=2.6e-5] 
                                                                                

Validation epoch 163:   0%|          | 0/5 [00:00<?, ?it/s]
                                                           

Training epoch 164:   0%|          | 0/25 [00:00<?, ?it/s]
Training epoch 164:  12%|█▏        | 3/25 [00:01<00:08,  2.57it/s, loss=2.35e-5]
Training epoch 164:  24%|██▍       | 6/25 [00:02<00:07,  2.68it/s, loss=2.19e-5]
Training epoch 164:  36%|███▌      | 9/25 [00:03<00:05,  2.72it/s, loss=2.07e-5]
Training epoch 164:  48%|████▊     | 12/25 [00:04<00:04,  2.74it/s, loss=2.41e-5]
Training epoch 164:  60%|██████    | 15/25 [00:05<00:03,  2.75it/s, loss=2.57e-5]
Training epoch 164:  72%|███████▏  | 18/25 [00:06<00:02,  2.75it/s, loss=2.42e-5]
Training epoch 164:  84%|████████▍ | 21/25 [00:07<00:01,  2.70it/s, loss=2e-5]   
Training epoch 164:  96%|█████████▌| 24/25 [00:09<00:00,  2.56it/s, loss=2.36e-5]
                                                                                 

Validation epoch 164:   0%|          | 0/5 [00:00<?, ?it/s]
                                                           

Training epoch 165:   0%|          | 0/25 [00:00<?, ?it/s]
Training epoch 165:  12%|█▏        | 3/25 [00:01<00:08,  2.52it/s, loss=2.17e-5]
Training epoch 165:  24%|██▍       | 6/25 [00:02<00:07,  2.64it/s, loss=2.46e-5]
Training epoch 165:  36%|███▌      | 9/25 [00:03<00:05,  2.68it/s, loss=2.54e-5]
Training epoch 165:  48%|████▊     | 12/25 [00:04<00:04,  2.70it/s, loss=2.89e-5]
Training epoch 165:  60%|██████    | 15/25 [00:05<00:03,  2.71it/s, loss=2.17e-5]
Training epoch 165:  72%|███████▏  | 18/25 [00:06<00:02,  2.71it/s, loss=2.28e-5]
Training epoch 165:  84%|████████▍ | 21/25 [00:07<00:01,  2.72it/s, loss=2.57e-5]
Training epoch 165:  96%|█████████▌| 24/25 [00:08<00:00,  2.72it/s, loss=2.3e-5] 
                                                                                

Validation epoch 165:   0%|          | 0/5 [00:00<?, ?it/s]
                                                           

Training epoch 166:   0%|          | 0/25 [00:00<?, ?it/s]
Training epoch 166:  12%|█▏        | 3/25 [00:01<00:08,  2.53it/s, loss=2.15e-5]
Training epoch 166:  24%|██▍       | 6/25 [00:02<00:07,  2.64it/s, loss=2.61e-5]
Training epoch 166:  36%|███▌      | 9/25 [00:03<00:06,  2.60it/s, loss=2.41e-5]
Training epoch 166:  48%|████▊     | 12/25 [00:04<00:05,  2.45it/s, loss=2.33e-5]
Training epoch 166:  60%|██████    | 15/25 [00:06<00:04,  2.46it/s, loss=2.34e-5]
Training epoch 166:  72%|███████▏  | 18/25 [00:07<00:02,  2.48it/s, loss=2.59e-5]
Training epoch 166:  84%|████████▍ | 21/25 [00:08<00:01,  2.49it/s, loss=2.4e-5] 
Training epoch 166:  96%|█████████▌| 24/25 [00:09<00:00,  2.50it/s, loss=2.62e-5]
                                                                                 

Validation epoch 166:   0%|          | 0/5 [00:00<?, ?it/s]
                                                           

Training epoch 167:   0%|          | 0/25 [00:00<?, ?it/s]
Training epoch 167:  12%|█▏        | 3/25 [00:01<00:08,  2.55it/s, loss=2.15e-5]
Training epoch 167:  24%|██▍       | 6/25 [00:02<00:07,  2.69it/s, loss=2.27e-5]
Training epoch 167:  36%|███▌      | 9/25 [00:03<00:05,  2.73it/s, loss=2.39e-5]
Training epoch 167:  48%|████▊     | 12/25 [00:04<00:04,  2.73it/s, loss=2.09e-5]
Training epoch 167:  60%|██████    | 15/25 [00:05<00:03,  2.72it/s, loss=2.42e-5]
Training epoch 167:  72%|███████▏  | 18/25 [00:06<00:02,  2.71it/s, loss=2.23e-5]
Training epoch 167:  84%|████████▍ | 21/25 [00:07<00:01,  2.71it/s, loss=2.4e-5] 
Training epoch 167:  96%|█████████▌| 24/25 [00:08<00:00,  2.71it/s, loss=2.33e-5]
                                                                                 

Validation epoch 167:   0%|          | 0/5 [00:00<?, ?it/s]
                                                           

Training epoch 168:   0%|          | 0/25 [00:00<?, ?it/s]
Training epoch 168:  12%|█▏        | 3/25 [00:01<00:08,  2.50it/s, loss=2.19e-5]
Training epoch 168:  24%|██▍       | 6/25 [00:02<00:07,  2.61it/s, loss=2.47e-5]
Training epoch 168:  36%|███▌      | 9/25 [00:03<00:06,  2.65it/s, loss=2.27e-5]
Training epoch 168:  48%|████▊     | 12/25 [00:04<00:04,  2.67it/s, loss=2.44e-5]
Training epoch 168:  60%|██████    | 15/25 [00:05<00:03,  2.68it/s, loss=2.47e-5]
Training epoch 168:  72%|███████▏  | 18/25 [00:06<00:02,  2.69it/s, loss=2.06e-5]
Training epoch 168:  84%|████████▍ | 21/25 [00:07<00:01,  2.70it/s, loss=2.45e-5]
Training epoch 168:  96%|█████████▌| 24/25 [00:08<00:00,  2.70it/s, loss=2.15e-5]
                                                                                 

Validation epoch 168:   0%|          | 0/5 [00:00<?, ?it/s]
                                                           

Training epoch 169:   0%|          | 0/25 [00:00<?, ?it/s]
Training epoch 169:  12%|█▏        | 3/25 [00:01<00:08,  2.50it/s, loss=2.16e-5]
Training epoch 169:  24%|██▍       | 6/25 [00:02<00:07,  2.62it/s, loss=2.21e-5]
Training epoch 169:  36%|███▌      | 9/25 [00:03<00:06,  2.66it/s, loss=2.15e-5]
Training epoch 169:  48%|████▊     | 12/25 [00:04<00:04,  2.67it/s, loss=2.47e-5]
Training epoch 169:  60%|██████    | 15/25 [00:05<00:03,  2.69it/s, loss=2.48e-5]
Training epoch 169:  72%|███████▏  | 18/25 [00:06<00:02,  2.69it/s, loss=2.19e-5]
Training epoch 169:  84%|████████▍ | 21/25 [00:07<00:01,  2.70it/s, loss=2.46e-5]
Training epoch 169:  96%|█████████▌| 24/25 [00:08<00:00,  2.70it/s, loss=2.49e-5]
                                                                                 

Validation epoch 169:   0%|          | 0/5 [00:00<?, ?it/s]
                                                           

Training epoch 170:   0%|          | 0/25 [00:00<?, ?it/s]
Training epoch 170:  12%|█▏        | 3/25 [00:01<00:08,  2.51it/s, loss=2.54e-5]
Training epoch 170:  24%|██▍       | 6/25 [00:02<00:07,  2.63it/s, loss=2.59e-5]
Training epoch 170:  36%|███▌      | 9/25 [00:03<00:06,  2.66it/s, loss=2.65e-5]
Training epoch 170:  48%|████▊     | 12/25 [00:04<00:04,  2.68it/s, loss=2.48e-5]
Training epoch 170:  60%|██████    | 15/25 [00:05<00:03,  2.69it/s, loss=2.42e-5]
Training epoch 170:  72%|███████▏  | 18/25 [00:06<00:02,  2.70it/s, loss=2.54e-5]
Training epoch 170:  84%|████████▍ | 21/25 [00:07<00:01,  2.70it/s, loss=2.7e-5] 
Training epoch 170:  96%|█████████▌| 24/25 [00:08<00:00,  2.70it/s, loss=2.54e-5]
                                                                                 

Validation epoch 170:   0%|          | 0/5 [00:00<?, ?it/s]
                                                           

Training epoch 171:   0%|          | 0/25 [00:00<?, ?it/s]
Training epoch 171:  12%|█▏        | 3/25 [00:01<00:09,  2.39it/s, loss=2.82e-5]
Training epoch 171:  24%|██▍       | 6/25 [00:02<00:07,  2.49it/s, loss=2.39e-5]
Training epoch 171:  36%|███▌      | 9/25 [00:03<00:06,  2.53it/s, loss=2.3e-5] 
Training epoch 171:  48%|████▊     | 12/25 [00:04<00:05,  2.55it/s, loss=2.44e-5]
Training epoch 171:  60%|██████    | 15/25 [00:05<00:03,  2.55it/s, loss=2.13e-5]
Training epoch 171:  72%|███████▏  | 18/25 [00:07<00:02,  2.57it/s, loss=2.22e-5]
Training epoch 171:  84%|████████▍ | 21/25 [00:08<00:01,  2.57it/s, loss=2.78e-5]
Training epoch 171:  96%|█████████▌| 24/25 [00:09<00:00,  2.57it/s, loss=2.48e-5]
                                                                                 

Validation epoch 171:   0%|          | 0/5 [00:00<?, ?it/s]
                                                           

Training epoch 172:   0%|          | 0/25 [00:00<?, ?it/s]
Training epoch 172:  12%|█▏        | 3/25 [00:01<00:09,  2.39it/s, loss=2.59e-5]
Training epoch 172:  24%|██▍       | 6/25 [00:02<00:07,  2.50it/s, loss=2.68e-5]
Training epoch 172:  36%|███▌      | 9/25 [00:03<00:06,  2.54it/s, loss=2.69e-5]
Training epoch 172:  48%|████▊     | 12/25 [00:04<00:05,  2.55it/s, loss=2.42e-5]
Training epoch 172:  60%|██████    | 15/25 [00:05<00:03,  2.56it/s, loss=2.37e-5]
Training epoch 172:  72%|███████▏  | 18/25 [00:07<00:02,  2.57it/s, loss=2.38e-5]
Training epoch 172:  84%|████████▍ | 21/25 [00:08<00:01,  2.57it/s, loss=2.35e-5]
Training epoch 172:  96%|█████████▌| 24/25 [00:09<00:00,  2.57it/s, loss=2.48e-5]
                                                                                 

Validation epoch 172:   0%|          | 0/5 [00:00<?, ?it/s]
                                                           

Training epoch 173:   0%|          | 0/25 [00:00<?, ?it/s]
Training epoch 173:  12%|█▏        | 3/25 [00:01<00:08,  2.54it/s, loss=2.3e-5]
Training epoch 173:  24%|██▍       | 6/25 [00:02<00:07,  2.65it/s, loss=2.44e-5]
Training epoch 173:  36%|███▌      | 9/25 [00:03<00:05,  2.68it/s, loss=2.47e-5]
Training epoch 173:  48%|████▊     | 12/25 [00:04<00:04,  2.70it/s, loss=2.25e-5]
Training epoch 173:  60%|██████    | 15/25 [00:05<00:03,  2.71it/s, loss=2.33e-5]
Training epoch 173:  72%|███████▏  | 18/25 [00:06<00:02,  2.72it/s, loss=2.24e-5]
Training epoch 173:  84%|████████▍ | 21/25 [00:07<00:01,  2.72it/s, loss=2.63e-5]
Training epoch 173:  96%|█████████▌| 24/25 [00:08<00:00,  2.68it/s, loss=2.38e-5]
                                                                                 

Validation epoch 173:   0%|          | 0/5 [00:00<?, ?it/s]
                                                           

Training epoch 174:   0%|          | 0/25 [00:00<?, ?it/s]
Training epoch 174:  12%|█▏        | 3/25 [00:01<00:09,  2.37it/s, loss=2.71e-5]
Training epoch 174:  24%|██▍       | 6/25 [00:02<00:07,  2.46it/s, loss=2.3e-5] 
Training epoch 174:  36%|███▌      | 9/25 [00:03<00:06,  2.50it/s, loss=2.48e-5]
Training epoch 174:  48%|████▊     | 12/25 [00:04<00:05,  2.52it/s, loss=2.61e-5]
Training epoch 174:  60%|██████    | 15/25 [00:05<00:03,  2.53it/s, loss=2.24e-5]
Training epoch 174:  72%|███████▏  | 18/25 [00:07<00:02,  2.53it/s, loss=2.26e-5]
Training epoch 174:  84%|████████▍ | 21/25 [00:08<00:01,  2.54it/s, loss=2.44e-5]
Training epoch 174:  96%|█████████▌| 24/25 [00:09<00:00,  2.54it/s, loss=2.43e-5]
                                                                                 

Validation epoch 174:   0%|          | 0/5 [00:00<?, ?it/s]
                                                           

Training epoch 175:   0%|          | 0/25 [00:00<?, ?it/s]
Training epoch 175:  12%|█▏        | 3/25 [00:01<00:08,  2.51it/s, loss=2.12e-5]
Training epoch 175:  24%|██▍       | 6/25 [00:02<00:07,  2.63it/s, loss=2.31e-5]
Training epoch 175:  36%|███▌      | 9/25 [00:03<00:06,  2.66it/s, loss=2.52e-5]
Training epoch 175:  48%|████▊     | 12/25 [00:04<00:04,  2.68it/s, loss=2.71e-5]
Training epoch 175:  60%|██████    | 15/25 [00:05<00:03,  2.70it/s, loss=2.22e-5]
Training epoch 175:  72%|███████▏  | 18/25 [00:06<00:02,  2.70it/s, loss=2.1e-5] 
Training epoch 175:  84%|████████▍ | 21/25 [00:07<00:01,  2.71it/s, loss=2.48e-5]
Training epoch 175:  96%|█████████▌| 24/25 [00:08<00:00,  2.71it/s, loss=2.36e-5]
                                                                                 

Validation epoch 175:   0%|          | 0/5 [00:00<?, ?it/s]
                                                           

Training epoch 176:   0%|          | 0/25 [00:00<?, ?it/s]
Training epoch 176:  12%|█▏        | 3/25 [00:01<00:08,  2.54it/s, loss=2.24e-5]
Training epoch 176:  24%|██▍       | 6/25 [00:02<00:07,  2.64it/s, loss=2.41e-5]
Training epoch 176:  36%|███▌      | 9/25 [00:03<00:05,  2.67it/s, loss=2.44e-5]
Training epoch 176:  48%|████▊     | 12/25 [00:04<00:04,  2.69it/s, loss=2.09e-5]
Training epoch 176:  60%|██████    | 15/25 [00:05<00:03,  2.69it/s, loss=2.19e-5]
Training epoch 176:  72%|███████▏  | 18/25 [00:06<00:02,  2.70it/s, loss=2.43e-5]
Training epoch 176:  84%|████████▍ | 21/25 [00:07<00:01,  2.71it/s, loss=2.24e-5]
Training epoch 176:  96%|█████████▌| 24/25 [00:08<00:00,  2.71it/s, loss=2.29e-5]
                                                                                 

Validation epoch 176:   0%|          | 0/5 [00:00<?, ?it/s]
                                                           

Training epoch 177:   0%|          | 0/25 [00:00<?, ?it/s]
Training epoch 177:  12%|█▏        | 3/25 [00:01<00:08,  2.52it/s, loss=2.2e-5]
Training epoch 177:  24%|██▍       | 6/25 [00:02<00:07,  2.63it/s, loss=2.23e-5]
Training epoch 177:  36%|███▌      | 9/25 [00:03<00:05,  2.67it/s, loss=2.49e-5]
Training epoch 177:  48%|████▊     | 12/25 [00:04<00:04,  2.69it/s, loss=2.11e-5]
Training epoch 177:  60%|██████    | 15/25 [00:05<00:03,  2.69it/s, loss=2.32e-5]
Training epoch 177:  72%|███████▏  | 18/25 [00:06<00:02,  2.70it/s, loss=2.27e-5]
Training epoch 177:  84%|████████▍ | 21/25 [00:07<00:01,  2.71it/s, loss=2.71e-5]
Training epoch 177:  96%|█████████▌| 24/25 [00:08<00:00,  2.71it/s, loss=2.29e-5]
                                                                                 

Validation epoch 177:   0%|          | 0/5 [00:00<?, ?it/s]
                                                           

Training epoch 178:   0%|          | 0/25 [00:00<?, ?it/s]
Training epoch 178:  12%|█▏        | 3/25 [00:01<00:09,  2.38it/s, loss=2.33e-5]
Training epoch 178:  24%|██▍       | 6/25 [00:02<00:07,  2.48it/s, loss=2.32e-5]
Training epoch 178:  36%|███▌      | 9/25 [00:03<00:06,  2.51it/s, loss=2.27e-5]
Training epoch 178:  48%|████▊     | 12/25 [00:04<00:05,  2.53it/s, loss=2.79e-5]
Training epoch 178:  60%|██████    | 15/25 [00:05<00:03,  2.54it/s, loss=2.7e-5] 
Training epoch 178:  72%|███████▏  | 18/25 [00:07<00:02,  2.54it/s, loss=2.36e-5]
Training epoch 178:  84%|████████▍ | 21/25 [00:08<00:01,  2.55it/s, loss=2.48e-5]
Training epoch 178:  96%|█████████▌| 24/25 [00:09<00:00,  2.55it/s, loss=2.05e-5]
                                                                                 

Validation epoch 178:   0%|          | 0/5 [00:00<?, ?it/s]
                                                           

Training epoch 179:   0%|          | 0/25 [00:00<?, ?it/s]
Training epoch 179:  12%|█▏        | 3/25 [00:01<00:08,  2.56it/s, loss=2.3e-5]
Training epoch 179:  24%|██▍       | 6/25 [00:02<00:07,  2.70it/s, loss=2.41e-5]
Training epoch 179:  36%|███▌      | 9/25 [00:03<00:05,  2.74it/s, loss=2.38e-5]
Training epoch 179:  48%|████▊     | 12/25 [00:04<00:04,  2.74it/s, loss=2.38e-5]
Training epoch 179:  60%|██████    | 15/25 [00:05<00:03,  2.72it/s, loss=2.48e-5]
Training epoch 179:  72%|███████▏  | 18/25 [00:06<00:02,  2.70it/s, loss=2.54e-5]
Training epoch 179:  84%|████████▍ | 21/25 [00:07<00:01,  2.70it/s, loss=2.54e-5]
Training epoch 179:  96%|█████████▌| 24/25 [00:08<00:00,  2.69it/s, loss=2.59e-5]
                                                                                 

Validation epoch 179:   0%|          | 0/5 [00:00<?, ?it/s]
                                                           

Training epoch 180:   0%|          | 0/25 [00:00<?, ?it/s]
Training epoch 180:  12%|█▏        | 3/25 [00:01<00:08,  2.55it/s, loss=2.5e-5]
Training epoch 180:  24%|██▍       | 6/25 [00:02<00:07,  2.68it/s, loss=2.42e-5]
Training epoch 180:  36%|███▌      | 9/25 [00:03<00:05,  2.70it/s, loss=2.61e-5]
Training epoch 180:  48%|████▊     | 12/25 [00:04<00:04,  2.71it/s, loss=2.47e-5]
Training epoch 180:  60%|██████    | 15/25 [00:05<00:03,  2.72it/s, loss=2.06e-5]
Training epoch 180:  72%|███████▏  | 18/25 [00:06<00:02,  2.72it/s, loss=2.38e-5]
Training epoch 180:  84%|████████▍ | 21/25 [00:07<00:01,  2.66it/s, loss=2.53e-5]
Training epoch 180:  96%|█████████▌| 24/25 [00:09<00:00,  2.50it/s, loss=2.62e-5]
                                                                                 

Validation epoch 180:   0%|          | 0/5 [00:00<?, ?it/s]
                                                           

Training epoch 181:   0%|          | 0/25 [00:00<?, ?it/s]
Training epoch 181:  12%|█▏        | 3/25 [00:01<00:08,  2.45it/s, loss=2.37e-5]
Training epoch 181:  24%|██▍       | 6/25 [00:02<00:07,  2.57it/s, loss=2.53e-5]
Training epoch 181:  36%|███▌      | 9/25 [00:03<00:06,  2.60it/s, loss=2.45e-5]
Training epoch 181:  48%|████▊     | 12/25 [00:04<00:04,  2.63it/s, loss=2.73e-5]
Training epoch 181:  60%|██████    | 15/25 [00:05<00:03,  2.64it/s, loss=2.23e-5]
Training epoch 181:  72%|███████▏  | 18/25 [00:06<00:02,  2.64it/s, loss=2.68e-5]
Training epoch 181:  84%|████████▍ | 21/25 [00:08<00:01,  2.65it/s, loss=2.62e-5]
Training epoch 181:  96%|█████████▌| 24/25 [00:09<00:00,  2.65it/s, loss=2.41e-5]
                                                                                 

Validation epoch 181:   0%|          | 0/5 [00:00<?, ?it/s]
                                                           

Training epoch 182:   0%|          | 0/25 [00:00<?, ?it/s]
Training epoch 182:  12%|█▏        | 3/25 [00:01<00:08,  2.47it/s, loss=2.09e-5]
Training epoch 182:  24%|██▍       | 6/25 [00:02<00:07,  2.58it/s, loss=2.4e-5] 
Training epoch 182:  36%|███▌      | 9/25 [00:03<00:06,  2.61it/s, loss=2.39e-5]
Training epoch 182:  48%|████▊     | 12/25 [00:04<00:04,  2.63it/s, loss=2.27e-5]
Training epoch 182:  60%|██████    | 15/25 [00:05<00:03,  2.64it/s, loss=2.36e-5]
Training epoch 182:  72%|███████▏  | 18/25 [00:06<00:02,  2.64it/s, loss=2.2e-5] 
Training epoch 182:  84%|████████▍ | 21/25 [00:07<00:01,  2.65it/s, loss=3.05e-5]
Training epoch 182:  96%|█████████▌| 24/25 [00:09<00:00,  2.65it/s, loss=2.64e-5]
                                                                                 

Validation epoch 182:   0%|          | 0/5 [00:00<?, ?it/s]
                                                           

Training epoch 183:   0%|          | 0/25 [00:00<?, ?it/s]
Training epoch 183:  12%|█▏        | 3/25 [00:01<00:08,  2.46it/s, loss=2.3e-5]
Training epoch 183:  24%|██▍       | 6/25 [00:02<00:07,  2.58it/s, loss=2.29e-5]
Training epoch 183:  36%|███▌      | 9/25 [00:03<00:06,  2.61it/s, loss=2.31e-5]
Training epoch 183:  48%|████▊     | 12/25 [00:04<00:04,  2.63it/s, loss=2.49e-5]
Training epoch 183:  60%|██████    | 15/25 [00:05<00:03,  2.64it/s, loss=2.52e-5]
Training epoch 183:  72%|███████▏  | 18/25 [00:06<00:02,  2.64it/s, loss=2.75e-5]
Training epoch 183:  84%|████████▍ | 21/25 [00:07<00:01,  2.65it/s, loss=2.65e-5]
Training epoch 183:  96%|█████████▌| 24/25 [00:09<00:00,  2.65it/s, loss=2.48e-5]
                                                                                 

Validation epoch 183:   0%|          | 0/5 [00:00<?, ?it/s]
                                                           

Training epoch 184:   0%|          | 0/25 [00:00<?, ?it/s]
Training epoch 184:  12%|█▏        | 3/25 [00:01<00:08,  2.46it/s, loss=2.3e-5]
Training epoch 184:  24%|██▍       | 6/25 [00:02<00:07,  2.57it/s, loss=2.26e-5]
Training epoch 184:  36%|███▌      | 9/25 [00:03<00:06,  2.61it/s, loss=2.28e-5]
Training epoch 184:  48%|████▊     | 12/25 [00:04<00:04,  2.63it/s, loss=2.24e-5]
Training epoch 184:  60%|██████    | 15/25 [00:05<00:03,  2.64it/s, loss=2.13e-5]
Training epoch 184:  72%|███████▏  | 18/25 [00:06<00:02,  2.64it/s, loss=2.45e-5]
Training epoch 184:  84%|████████▍ | 21/25 [00:07<00:01,  2.65it/s, loss=2.26e-5]
Training epoch 184:  96%|█████████▌| 24/25 [00:09<00:00,  2.65it/s, loss=2.1e-5] 
                                                                                

Validation epoch 184:   0%|          | 0/5 [00:00<?, ?it/s]
                                                           

Training epoch 185:   0%|          | 0/25 [00:00<?, ?it/s]
Training epoch 185:  12%|█▏        | 3/25 [00:01<00:08,  2.46it/s, loss=2.62e-5]
Training epoch 185:  24%|██▍       | 6/25 [00:02<00:07,  2.57it/s, loss=2.52e-5]
Training epoch 185:  36%|███▌      | 9/25 [00:03<00:06,  2.60it/s, loss=2.23e-5]
Training epoch 185:  48%|████▊     | 12/25 [00:04<00:04,  2.62it/s, loss=2.46e-5]
Training epoch 185:  60%|██████    | 15/25 [00:05<00:03,  2.63it/s, loss=2.4e-5] 
Training epoch 185:  72%|███████▏  | 18/25 [00:06<00:02,  2.64it/s, loss=2.61e-5]
Training epoch 185:  84%|████████▍ | 21/25 [00:08<00:01,  2.65it/s, loss=2.27e-5]
Training epoch 185:  96%|█████████▌| 24/25 [00:09<00:00,  2.65it/s, loss=2.34e-5]
                                                                                 

Validation epoch 185:   0%|          | 0/5 [00:00<?, ?it/s]
                                                           

Training epoch 186:   0%|          | 0/25 [00:00<?, ?it/s]
Training epoch 186:  12%|█▏        | 3/25 [00:01<00:08,  2.45it/s, loss=2.12e-5]
Training epoch 186:  24%|██▍       | 6/25 [00:02<00:07,  2.57it/s, loss=2.51e-5]
Training epoch 186:  36%|███▌      | 9/25 [00:03<00:06,  2.61it/s, loss=2.56e-5]
Training epoch 186:  48%|████▊     | 12/25 [00:04<00:04,  2.63it/s, loss=2.24e-5]
Training epoch 186:  60%|██████    | 15/25 [00:05<00:03,  2.64it/s, loss=2.14e-5]
Training epoch 186:  72%|███████▏  | 18/25 [00:06<00:02,  2.65it/s, loss=2.58e-5]
Training epoch 186:  84%|████████▍ | 21/25 [00:07<00:01,  2.65it/s, loss=2.27e-5]
Training epoch 186:  96%|█████████▌| 24/25 [00:09<00:00,  2.66it/s, loss=2.54e-5]
                                                                                 

Validation epoch 186:   0%|          | 0/5 [00:00<?, ?it/s]
                                                           

Training epoch 187:   0%|          | 0/25 [00:00<?, ?it/s]
Training epoch 187:  12%|█▏        | 3/25 [00:01<00:08,  2.56it/s, loss=2.14e-5]
Training epoch 187:  24%|██▍       | 6/25 [00:02<00:07,  2.52it/s, loss=2.33e-5]
Training epoch 187:  36%|███▌      | 9/25 [00:03<00:06,  2.50it/s, loss=2.6e-5] 
Training epoch 187:  48%|████▊     | 12/25 [00:04<00:05,  2.49it/s, loss=2.36e-5]
Training epoch 187:  60%|██████    | 15/25 [00:05<00:04,  2.50it/s, loss=2.2e-5] 
Training epoch 187:  72%|███████▏  | 18/25 [00:07<00:02,  2.50it/s, loss=2.11e-5]
Training epoch 187:  84%|████████▍ | 21/25 [00:08<00:01,  2.50it/s, loss=2.62e-5]
Training epoch 187:  96%|█████████▌| 24/25 [00:09<00:00,  2.50it/s, loss=2.41e-5]
                                                                                 

Validation epoch 187:   0%|          | 0/5 [00:00<?, ?it/s]
                                                           

Training epoch 188:   0%|          | 0/25 [00:00<?, ?it/s]
Training epoch 188:  12%|█▏        | 3/25 [00:01<00:08,  2.49it/s, loss=2.38e-5]
Training epoch 188:  24%|██▍       | 6/25 [00:02<00:07,  2.60it/s, loss=2.62e-5]
Training epoch 188:  36%|███▌      | 9/25 [00:03<00:06,  2.64it/s, loss=2.57e-5]
Training epoch 188:  48%|████▊     | 12/25 [00:04<00:04,  2.65it/s, loss=2.58e-5]
Training epoch 188:  60%|██████    | 15/25 [00:05<00:03,  2.66it/s, loss=2.18e-5]
Training epoch 188:  72%|███████▏  | 18/25 [00:06<00:02,  2.67it/s, loss=2.23e-5]
Training epoch 188:  84%|████████▍ | 21/25 [00:07<00:01,  2.67it/s, loss=2.42e-5]
Training epoch 188:  96%|█████████▌| 24/25 [00:09<00:00,  2.67it/s, loss=2.32e-5]
                                                                                 

Validation epoch 188:   0%|          | 0/5 [00:00<?, ?it/s]
                                                           

Training epoch 189:   0%|          | 0/25 [00:00<?, ?it/s]
Training epoch 189:  12%|█▏        | 3/25 [00:01<00:08,  2.49it/s, loss=2.24e-5]
Training epoch 189:  24%|██▍       | 6/25 [00:02<00:07,  2.60it/s, loss=2.4e-5] 
Training epoch 189:  36%|███▌      | 9/25 [00:03<00:06,  2.64it/s, loss=2.17e-5]
Training epoch 189:  48%|████▊     | 12/25 [00:04<00:04,  2.65it/s, loss=2.26e-5]
Training epoch 189:  60%|██████    | 15/25 [00:05<00:03,  2.66it/s, loss=2.08e-5]
Training epoch 189:  72%|███████▏  | 18/25 [00:06<00:02,  2.67it/s, loss=2.31e-5]
Training epoch 189:  84%|████████▍ | 21/25 [00:07<00:01,  2.67it/s, loss=2.5e-5] 
Training epoch 189:  96%|█████████▌| 24/25 [00:09<00:00,  2.67it/s, loss=2.37e-5]
                                                                                 

Validation epoch 189:   0%|          | 0/5 [00:00<?, ?it/s]
                                                           

Training epoch 190:   0%|          | 0/25 [00:00<?, ?it/s]
Training epoch 190:  12%|█▏        | 3/25 [00:01<00:08,  2.47it/s, loss=2.57e-5]
Training epoch 190:  24%|██▍       | 6/25 [00:02<00:07,  2.58it/s, loss=2.52e-5]
Training epoch 190:  36%|███▌      | 9/25 [00:03<00:06,  2.62it/s, loss=2.24e-5]
Training epoch 190:  48%|████▊     | 12/25 [00:04<00:04,  2.64it/s, loss=2.61e-5]
Training epoch 190:  60%|██████    | 15/25 [00:05<00:03,  2.65it/s, loss=2.17e-5]
Training epoch 190:  72%|███████▏  | 18/25 [00:06<00:02,  2.66it/s, loss=2.47e-5]
Training epoch 190:  84%|████████▍ | 21/25 [00:07<00:01,  2.66it/s, loss=2.64e-5]
Training epoch 190:  96%|█████████▌| 24/25 [00:09<00:00,  2.67it/s, loss=2.44e-5]
                                                                                 

Validation epoch 190:   0%|          | 0/5 [00:00<?, ?it/s]
                                                           

Training epoch 191:   0%|          | 0/25 [00:00<?, ?it/s]
Training epoch 191:  12%|█▏        | 3/25 [00:01<00:08,  2.48it/s, loss=2.55e-5]
Training epoch 191:  24%|██▍       | 6/25 [00:02<00:07,  2.56it/s, loss=2.33e-5]
Training epoch 191:  36%|███▌      | 9/25 [00:03<00:06,  2.59it/s, loss=2.58e-5]
Training epoch 191:  48%|████▊     | 12/25 [00:04<00:04,  2.60it/s, loss=2.31e-5]
Training epoch 191:  60%|██████    | 15/25 [00:05<00:03,  2.61it/s, loss=2.23e-5]
Training epoch 191:  72%|███████▏  | 18/25 [00:06<00:02,  2.61it/s, loss=2.46e-5]
Training epoch 191:  84%|████████▍ | 21/25 [00:08<00:01,  2.62it/s, loss=1.94e-5]
Training epoch 191:  96%|█████████▌| 24/25 [00:09<00:00,  2.62it/s, loss=2.24e-5]
                                                                                 

Validation epoch 191:   0%|          | 0/5 [00:00<?, ?it/s]
                                                           

Training epoch 192:   0%|          | 0/25 [00:00<?, ?it/s]
Training epoch 192:  12%|█▏        | 3/25 [00:01<00:08,  2.47it/s, loss=2.02e-5]
Training epoch 192:  24%|██▍       | 6/25 [00:02<00:07,  2.54it/s, loss=2.44e-5]
Training epoch 192:  36%|███▌      | 9/25 [00:03<00:06,  2.56it/s, loss=2.4e-5] 
Training epoch 192:  48%|████▊     | 12/25 [00:04<00:05,  2.58it/s, loss=2.36e-5]
Training epoch 192:  60%|██████    | 15/25 [00:05<00:03,  2.58it/s, loss=2.16e-5]
Training epoch 192:  72%|███████▏  | 18/25 [00:06<00:02,  2.59it/s, loss=2.22e-5]
Training epoch 192:  84%|████████▍ | 21/25 [00:08<00:01,  2.59it/s, loss=2.05e-5]
Training epoch 192:  96%|█████████▌| 24/25 [00:09<00:00,  2.59it/s, loss=2.79e-5]
                                                                                 

Validation epoch 192:   0%|          | 0/5 [00:00<?, ?it/s]
                                                           

Training epoch 193:   0%|          | 0/25 [00:00<?, ?it/s]
Training epoch 193:  12%|█▏        | 3/25 [00:01<00:09,  2.41it/s, loss=2.15e-5]
Training epoch 193:  24%|██▍       | 6/25 [00:02<00:07,  2.51it/s, loss=2.29e-5]
Training epoch 193:  36%|███▌      | 9/25 [00:03<00:06,  2.55it/s, loss=2.4e-5] 
Training epoch 193:  48%|████▊     | 12/25 [00:04<00:05,  2.57it/s, loss=2.14e-5]
Training epoch 193:  60%|██████    | 15/25 [00:05<00:03,  2.58it/s, loss=2.08e-5]
Training epoch 193:  72%|███████▏  | 18/25 [00:07<00:02,  2.58it/s, loss=2.74e-5]
Training epoch 193:  84%|████████▍ | 21/25 [00:08<00:01,  2.59it/s, loss=2.74e-5]
Training epoch 193:  96%|█████████▌| 24/25 [00:09<00:00,  2.59it/s, loss=2.25e-5]
                                                                                 

Validation epoch 193:   0%|          | 0/5 [00:00<?, ?it/s]
                                                           

Training epoch 194:   0%|          | 0/25 [00:00<?, ?it/s]
Training epoch 194:  12%|█▏        | 3/25 [00:01<00:08,  2.54it/s, loss=2.5e-5]
Training epoch 194:  24%|██▍       | 6/25 [00:02<00:07,  2.66it/s, loss=2.38e-5]
Training epoch 194:  36%|███▌      | 9/25 [00:03<00:05,  2.70it/s, loss=2.17e-5]
Training epoch 194:  48%|████▊     | 12/25 [00:04<00:04,  2.71it/s, loss=2.31e-5]
Training epoch 194:  60%|██████    | 15/25 [00:05<00:03,  2.72it/s, loss=2.22e-5]
Training epoch 194:  72%|███████▏  | 18/25 [00:06<00:02,  2.72it/s, loss=2.45e-5]
Training epoch 194:  84%|████████▍ | 21/25 [00:07<00:01,  2.60it/s, loss=2.75e-5]
Training epoch 194:  96%|█████████▌| 24/25 [00:09<00:00,  2.53it/s, loss=2.49e-5]
                                                                                 

Validation epoch 194:   0%|          | 0/5 [00:00<?, ?it/s]
                                                           

Training epoch 195:   0%|          | 0/25 [00:00<?, ?it/s]
Training epoch 195:  12%|█▏        | 3/25 [00:01<00:08,  2.57it/s, loss=2.23e-5]
Training epoch 195:  24%|██▍       | 6/25 [00:02<00:07,  2.68it/s, loss=2.61e-5]
Training epoch 195:  36%|███▌      | 9/25 [00:03<00:05,  2.72it/s, loss=2.17e-5]
Training epoch 195:  48%|████▊     | 12/25 [00:04<00:05,  2.51it/s, loss=2.35e-5]
Training epoch 195:  60%|██████    | 15/25 [00:05<00:03,  2.50it/s, loss=2.2e-5] 
Training epoch 195:  72%|███████▏  | 18/25 [00:07<00:02,  2.51it/s, loss=2.46e-5]
Training epoch 195:  84%|████████▍ | 21/25 [00:08<00:01,  2.51it/s, loss=2.41e-5]
Training epoch 195:  96%|█████████▌| 24/25 [00:09<00:00,  2.52it/s, loss=2.18e-5]
                                                                                 

Validation epoch 195:   0%|          | 0/5 [00:00<?, ?it/s]
                                                           

Training epoch 196:   0%|          | 0/25 [00:00<?, ?it/s]
Training epoch 196:  12%|█▏        | 3/25 [00:01<00:08,  2.50it/s, loss=2.35e-5]
Training epoch 196:  24%|██▍       | 6/25 [00:02<00:07,  2.62it/s, loss=2.41e-5]
Training epoch 196:  36%|███▌      | 9/25 [00:03<00:06,  2.66it/s, loss=2.58e-5]
Training epoch 196:  48%|████▊     | 12/25 [00:04<00:04,  2.67it/s, loss=2.71e-5]
Training epoch 196:  60%|██████    | 15/25 [00:05<00:03,  2.68it/s, loss=2.19e-5]
Training epoch 196:  72%|███████▏  | 18/25 [00:06<00:02,  2.69it/s, loss=2.49e-5]
Training epoch 196:  84%|████████▍ | 21/25 [00:07<00:01,  2.69it/s, loss=2.64e-5]
Training epoch 196:  96%|█████████▌| 24/25 [00:08<00:00,  2.69it/s, loss=2.18e-5]
                                                                                 

Validation epoch 196:   0%|          | 0/5 [00:00<?, ?it/s]
                                                           

Training epoch 197:   0%|          | 0/25 [00:00<?, ?it/s]
Training epoch 197:  12%|█▏        | 3/25 [00:01<00:08,  2.50it/s, loss=2.28e-5]
Training epoch 197:  24%|██▍       | 6/25 [00:02<00:07,  2.61it/s, loss=2.35e-5]
Training epoch 197:  36%|███▌      | 9/25 [00:03<00:06,  2.65it/s, loss=2.22e-5]
Training epoch 197:  48%|████▊     | 12/25 [00:04<00:04,  2.67it/s, loss=2.4e-5]
Training epoch 197:  60%|██████    | 15/25 [00:05<00:03,  2.68it/s, loss=2.3e-5]
Training epoch 197:  72%|███████▏  | 18/25 [00:06<00:02,  2.69it/s, loss=2.24e-5]
Training epoch 197:  84%|████████▍ | 21/25 [00:07<00:01,  2.69it/s, loss=2.32e-5]
Training epoch 197:  96%|█████████▌| 24/25 [00:08<00:00,  2.69it/s, loss=2.82e-5]
                                                                                 

Validation epoch 197:   0%|          | 0/5 [00:00<?, ?it/s]
                                                           

Training epoch 198:   0%|          | 0/25 [00:00<?, ?it/s]
Training epoch 198:  12%|█▏        | 3/25 [00:01<00:08,  2.50it/s, loss=2.81e-5]
Training epoch 198:  24%|██▍       | 6/25 [00:02<00:07,  2.62it/s, loss=2.49e-5]
Training epoch 198:  36%|███▌      | 9/25 [00:03<00:06,  2.65it/s, loss=2.49e-5]
Training epoch 198:  48%|████▊     | 12/25 [00:04<00:04,  2.67it/s, loss=2.25e-5]
Training epoch 198:  60%|██████    | 15/25 [00:05<00:03,  2.68it/s, loss=2.22e-5]
Training epoch 198:  72%|███████▏  | 18/25 [00:06<00:02,  2.69it/s, loss=2.42e-5]
Training epoch 198:  84%|████████▍ | 21/25 [00:07<00:01,  2.62it/s, loss=2.36e-5]
Training epoch 198:  96%|█████████▌| 24/25 [00:09<00:00,  2.57it/s, loss=2.27e-5]
                                                                                 

Validation epoch 198:   0%|          | 0/5 [00:00<?, ?it/s]
                                                           

Training epoch 199:   0%|          | 0/25 [00:00<?, ?it/s]
Training epoch 199:  12%|█▏        | 3/25 [00:01<00:08,  2.50it/s, loss=2.27e-5]
Training epoch 199:  24%|██▍       | 6/25 [00:02<00:07,  2.60it/s, loss=2.29e-5]
Training epoch 199:  36%|███▌      | 9/25 [00:03<00:06,  2.63it/s, loss=2.13e-5]
Training epoch 199:  48%|████▊     | 12/25 [00:04<00:04,  2.64it/s, loss=2.51e-5]
Training epoch 199:  60%|██████    | 15/25 [00:05<00:03,  2.65it/s, loss=2.3e-5] 
Training epoch 199:  72%|███████▏  | 18/25 [00:06<00:02,  2.66it/s, loss=2.01e-5]
Training epoch 199:  84%|████████▍ | 21/25 [00:07<00:01,  2.66it/s, loss=2.31e-5]
Training epoch 199:  96%|█████████▌| 24/25 [00:09<00:00,  2.66it/s, loss=2.49e-5]
                                                                                 

Validation epoch 199:   0%|          | 0/5 [00:00<?, ?it/s]
                                                           

Training epoch 200:   0%|          | 0/25 [00:00<?, ?it/s]
Training epoch 200:  12%|█▏        | 3/25 [00:01<00:10,  2.18it/s, loss=2.39e-5]
Training epoch 200:  24%|██▍       | 6/25 [00:02<00:08,  2.31it/s, loss=2.5e-5] 
Training epoch 200:  36%|███▌      | 9/25 [00:03<00:06,  2.42it/s, loss=2.15e-5]
Training epoch 200:  48%|████▊     | 12/25 [00:04<00:05,  2.48it/s, loss=2.07e-5]
Training epoch 200:  60%|██████    | 15/25 [00:06<00:03,  2.51it/s, loss=2.41e-5]
Training epoch 200:  72%|███████▏  | 18/25 [00:07<00:02,  2.53it/s, loss=2.58e-5]
Training epoch 200:  84%|████████▍ | 21/25 [00:08<00:01,  2.54it/s, loss=2.49e-5]
Training epoch 200:  96%|█████████▌| 24/25 [00:09<00:00,  2.55it/s, loss=2.35e-5]
                                                                                 

Eval Franka Kitchen:   0%|          | 0/10 [00:00<?, ?it/s]
Eval Franka Kitchen:  30%|███       | 3/10 [00:06<00:14,  2.13s/it]
Eval Franka Kitchen:  60%|██████    | 6/10 [00:12<00:08,  2.13s/it]
Eval Franka Kitchen:  90%|█████████ | 9/10 [00:18<00:02,  2.10s/it]
                                                                   

Validation epoch 200:   0%|          | 0/5 [00:00<?, ?it/s]
                                                           

Training epoch 201:   0%|          | 0/25 [00:00<?, ?it/s]
Training epoch 201:  12%|█▏        | 3/25 [00:01<00:08,  2.59it/s, loss=2.45e-5]
Training epoch 201:  24%|██▍       | 6/25 [00:02<00:07,  2.71it/s, loss=2.24e-5]
Training epoch 201:  36%|███▌      | 9/25 [00:03<00:05,  2.75it/s, loss=2.41e-5]
Training epoch 201:  48%|████▊     | 12/25 [00:04<00:04,  2.77it/s, loss=2.05e-5]
Training epoch 201:  60%|██████    | 15/25 [00:05<00:03,  2.78it/s, loss=2.29e-5]
Training epoch 201:  72%|███████▏  | 18/25 [00:06<00:02,  2.79it/s, loss=2.19e-5]
Training epoch 201:  84%|████████▍ | 21/25 [00:07<00:01,  2.79it/s, loss=2.55e-5]
Training epoch 201:  96%|█████████▌| 24/25 [00:08<00:00,  2.79it/s, loss=2.25e-5]
                                                                                 

Validation epoch 201:   0%|          | 0/5 [00:00<?, ?it/s]
                                                           

Training epoch 202:   0%|          | 0/25 [00:00<?, ?it/s]
Training epoch 202:  12%|█▏        | 3/25 [00:01<00:09,  2.44it/s, loss=2.17e-5]
Training epoch 202:  24%|██▍       | 6/25 [00:02<00:07,  2.48it/s, loss=2.3e-5] 
Training epoch 202:  36%|███▌      | 9/25 [00:03<00:06,  2.52it/s, loss=2.29e-5]
Training epoch 202:  48%|████▊     | 12/25 [00:04<00:05,  2.55it/s, loss=2.59e-5]
Training epoch 202:  60%|██████    | 15/25 [00:05<00:03,  2.57it/s, loss=2.68e-5]
Training epoch 202:  72%|███████▏  | 18/25 [00:07<00:02,  2.58it/s, loss=2.51e-5]
Training epoch 202:  84%|████████▍ | 21/25 [00:08<00:01,  2.58it/s, loss=2.41e-5]
Training epoch 202:  96%|█████████▌| 24/25 [00:09<00:00,  2.59it/s, loss=2.08e-5]
                                                                                 

Validation epoch 202:   0%|          | 0/5 [00:00<?, ?it/s]
                                                           

Training epoch 203:   0%|          | 0/25 [00:00<?, ?it/s]
Training epoch 203:  12%|█▏        | 3/25 [00:01<00:09,  2.43it/s, loss=2.23e-5]
Training epoch 203:  24%|██▍       | 6/25 [00:02<00:07,  2.53it/s, loss=2.31e-5]
Training epoch 203:  36%|███▌      | 9/25 [00:03<00:06,  2.56it/s, loss=2.51e-5]
Training epoch 203:  48%|████▊     | 12/25 [00:04<00:05,  2.58it/s, loss=2.1e-5]
Training epoch 203:  60%|██████    | 15/25 [00:05<00:03,  2.62it/s, loss=2.13e-5]
Training epoch 203:  72%|███████▏  | 18/25 [00:06<00:02,  2.67it/s, loss=2.55e-5]
Training epoch 203:  84%|████████▍ | 21/25 [00:07<00:01,  2.69it/s, loss=2.45e-5]
Training epoch 203:  96%|█████████▌| 24/25 [00:09<00:00,  2.71it/s, loss=2.16e-5]
                                                                                 

Validation epoch 203:   0%|          | 0/5 [00:00<?, ?it/s]
                                                           

Training epoch 204:   0%|          | 0/25 [00:00<?, ?it/s]
Training epoch 204:  12%|█▏        | 3/25 [00:01<00:08,  2.57it/s, loss=2.22e-5]
Training epoch 204:  24%|██▍       | 6/25 [00:02<00:07,  2.70it/s, loss=1.87e-5]
Training epoch 204:  36%|███▌      | 9/25 [00:03<00:05,  2.75it/s, loss=2.5e-5] 
Training epoch 204:  48%|████▊     | 12/25 [00:04<00:04,  2.74it/s, loss=2.25e-5]
Training epoch 204:  60%|██████    | 15/25 [00:05<00:03,  2.71it/s, loss=2.32e-5]
Training epoch 204:  72%|███████▏  | 18/25 [00:06<00:02,  2.70it/s, loss=2.21e-5]
Training epoch 204:  84%|████████▍ | 21/25 [00:07<00:01,  2.69it/s, loss=2.19e-5]
Training epoch 204:  96%|█████████▌| 24/25 [00:08<00:00,  2.68it/s, loss=2.49e-5]
                                                                                 

Validation epoch 204:   0%|          | 0/5 [00:00<?, ?it/s]
                                                           

Training epoch 205:   0%|          | 0/25 [00:00<?, ?it/s]
Training epoch 205:  12%|█▏        | 3/25 [00:01<00:09,  2.41it/s, loss=2.33e-5]
Training epoch 205:  24%|██▍       | 6/25 [00:02<00:07,  2.51it/s, loss=2.68e-5]
Training epoch 205:  36%|███▌      | 9/25 [00:03<00:06,  2.54it/s, loss=2.42e-5]
Training epoch 205:  48%|████▊     | 12/25 [00:04<00:05,  2.56it/s, loss=2.43e-5]
Training epoch 205:  60%|██████    | 15/25 [00:05<00:03,  2.57it/s, loss=2.75e-5]
Training epoch 205:  72%|███████▏  | 18/25 [00:07<00:02,  2.57it/s, loss=2.14e-5]
Training epoch 205:  84%|████████▍ | 21/25 [00:08<00:01,  2.57it/s, loss=2.27e-5]
Training epoch 205:  96%|█████████▌| 24/25 [00:09<00:00,  2.58it/s, loss=2.29e-5]
                                                                                 

Validation epoch 205:   0%|          | 0/5 [00:00<?, ?it/s]
                                                           

Training epoch 206:   0%|          | 0/25 [00:00<?, ?it/s]
Training epoch 206:  12%|█▏        | 3/25 [00:01<00:08,  2.54it/s, loss=2.07e-5]
Training epoch 206:  24%|██▍       | 6/25 [00:02<00:07,  2.65it/s, loss=2.89e-5]
Training epoch 206:  36%|███▌      | 9/25 [00:03<00:05,  2.68it/s, loss=2.13e-5]
Training epoch 206:  48%|████▊     | 12/25 [00:04<00:04,  2.70it/s, loss=1.92e-5]
Training epoch 206:  60%|██████    | 15/25 [00:05<00:03,  2.71it/s, loss=2.16e-5]
Training epoch 206:  72%|███████▏  | 18/25 [00:06<00:02,  2.72it/s, loss=2.28e-5]
Training epoch 206:  84%|████████▍ | 21/25 [00:07<00:01,  2.72it/s, loss=2.12e-5]
Training epoch 206:  96%|█████████▌| 24/25 [00:08<00:00,  2.73it/s, loss=2.46e-5]
                                                                                 

Validation epoch 206:   0%|          | 0/5 [00:00<?, ?it/s]
                                                           

Training epoch 207:   0%|          | 0/25 [00:00<?, ?it/s]
Training epoch 207:  12%|█▏        | 3/25 [00:01<00:08,  2.53it/s, loss=2.32e-5]
Training epoch 207:  24%|██▍       | 6/25 [00:02<00:07,  2.64it/s, loss=2.49e-5]
Training epoch 207:  36%|███▌      | 9/25 [00:03<00:05,  2.68it/s, loss=2.18e-5]
Training epoch 207:  48%|████▊     | 12/25 [00:04<00:04,  2.70it/s, loss=2.51e-5]
Training epoch 207:  60%|██████    | 15/25 [00:05<00:03,  2.70it/s, loss=2.28e-5]
Training epoch 207:  72%|███████▏  | 18/25 [00:06<00:02,  2.69it/s, loss=2.51e-5]
Training epoch 207:  84%|████████▍ | 21/25 [00:07<00:01,  2.67it/s, loss=2.4e-5] 
Training epoch 207:  96%|█████████▌| 24/25 [00:08<00:00,  2.67it/s, loss=2.02e-5]
                                                                                 

Validation epoch 207:   0%|          | 0/5 [00:00<?, ?it/s]
                                                           

Training epoch 208:   0%|          | 0/25 [00:00<?, ?it/s]
Training epoch 208:  12%|█▏        | 3/25 [00:01<00:08,  2.46it/s, loss=2.4e-5]
Training epoch 208:  24%|██▍       | 6/25 [00:02<00:07,  2.57it/s, loss=2.25e-5]
Training epoch 208:  36%|███▌      | 9/25 [00:03<00:06,  2.61it/s, loss=2.29e-5]
Training epoch 208:  48%|████▊     | 12/25 [00:04<00:04,  2.63it/s, loss=2.11e-5]
Training epoch 208:  60%|██████    | 15/25 [00:05<00:03,  2.64it/s, loss=2.31e-5]
Training epoch 208:  72%|███████▏  | 18/25 [00:06<00:02,  2.64it/s, loss=2.51e-5]
Training epoch 208:  84%|████████▍ | 21/25 [00:08<00:01,  2.65it/s, loss=2.89e-5]
Training epoch 208:  96%|█████████▌| 24/25 [00:09<00:00,  2.65it/s, loss=2.36e-5]
                                                                                 

Validation epoch 208:   0%|          | 0/5 [00:00<?, ?it/s]
                                                           

Training epoch 209:   0%|          | 0/25 [00:00<?, ?it/s]
Training epoch 209:  12%|█▏        | 3/25 [00:01<00:08,  2.47it/s, loss=2.44e-5]
Training epoch 209:  24%|██▍       | 6/25 [00:02<00:07,  2.58it/s, loss=2.25e-5]
Training epoch 209:  36%|███▌      | 9/25 [00:03<00:06,  2.62it/s, loss=2.07e-5]
Training epoch 209:  48%|████▊     | 12/25 [00:04<00:04,  2.63it/s, loss=2.3e-5]
Training epoch 209:  60%|██████    | 15/25 [00:05<00:03,  2.64it/s, loss=2.51e-5]
Training epoch 209:  72%|███████▏  | 18/25 [00:06<00:02,  2.64it/s, loss=2.46e-5]
Training epoch 209:  84%|████████▍ | 21/25 [00:07<00:01,  2.65it/s, loss=2.35e-5]
Training epoch 209:  96%|█████████▌| 24/25 [00:09<00:00,  2.65it/s, loss=2.25e-5]
                                                                                 

Validation epoch 209:   0%|          | 0/5 [00:00<?, ?it/s]
                                                           

Training epoch 210:   0%|          | 0/25 [00:00<?, ?it/s]
Training epoch 210:  12%|█▏        | 3/25 [00:01<00:08,  2.48it/s, loss=2.76e-5]
Training epoch 210:  24%|██▍       | 6/25 [00:02<00:07,  2.46it/s, loss=2.28e-5]
Training epoch 210:  36%|███▌      | 9/25 [00:03<00:06,  2.45it/s, loss=2.49e-5]
Training epoch 210:  48%|████▊     | 12/25 [00:04<00:05,  2.45it/s, loss=2.5e-5]
Training epoch 210:  60%|██████    | 15/25 [00:06<00:04,  2.45it/s, loss=2.36e-5]
Training epoch 210:  72%|███████▏  | 18/25 [00:07<00:02,  2.48it/s, loss=2.33e-5]
Training epoch 210:  84%|████████▍ | 21/25 [00:08<00:01,  2.54it/s, loss=2.37e-5]
Training epoch 210:  96%|█████████▌| 24/25 [00:09<00:00,  2.57it/s, loss=2.26e-5]
                                                                                 

Validation epoch 210:   0%|          | 0/5 [00:00<?, ?it/s]
                                                           

Training epoch 211:   0%|          | 0/25 [00:00<?, ?it/s]
Training epoch 211:  12%|█▏        | 3/25 [00:01<00:08,  2.48it/s, loss=2.33e-5]
Training epoch 211:  24%|██▍       | 6/25 [00:02<00:07,  2.58it/s, loss=2.4e-5] 
Training epoch 211:  36%|███▌      | 9/25 [00:03<00:06,  2.62it/s, loss=2.37e-5]
Training epoch 211:  48%|████▊     | 12/25 [00:04<00:04,  2.64it/s, loss=2.32e-5]
Training epoch 211:  60%|██████    | 15/25 [00:05<00:03,  2.65it/s, loss=2.25e-5]
Training epoch 211:  72%|███████▏  | 18/25 [00:06<00:02,  2.65it/s, loss=2.2e-5] 
Training epoch 211:  84%|████████▍ | 21/25 [00:07<00:01,  2.66it/s, loss=2.16e-5]
Training epoch 211:  96%|█████████▌| 24/25 [00:09<00:00,  2.66it/s, loss=2.59e-5]
                                                                                 

Validation epoch 211:   0%|          | 0/5 [00:00<?, ?it/s]
                                                           

Training epoch 212:   0%|          | 0/25 [00:00<?, ?it/s]
Training epoch 212:  12%|█▏        | 3/25 [00:01<00:08,  2.56it/s, loss=2.21e-5]
Training epoch 212:  24%|██▍       | 6/25 [00:02<00:07,  2.69it/s, loss=2.04e-5]
Training epoch 212:  36%|███▌      | 9/25 [00:03<00:06,  2.65it/s, loss=2.1e-5] 
Training epoch 212:  48%|████▊     | 12/25 [00:04<00:05,  2.51it/s, loss=2.21e-5]
Training epoch 212:  60%|██████    | 15/25 [00:05<00:03,  2.51it/s, loss=2.55e-5]
Training epoch 212:  72%|███████▏  | 18/25 [00:07<00:02,  2.53it/s, loss=2.18e-5]
Training epoch 212:  84%|████████▍ | 21/25 [00:08<00:01,  2.55it/s, loss=2.54e-5]
Training epoch 212:  96%|█████████▌| 24/25 [00:09<00:00,  2.56it/s, loss=2.51e-5]
                                                                                 

Validation epoch 212:   0%|          | 0/5 [00:00<?, ?it/s]
                                                           

Training epoch 213:   0%|          | 0/25 [00:00<?, ?it/s]
Training epoch 213:  12%|█▏        | 3/25 [00:01<00:08,  2.58it/s, loss=2.43e-5]
Training epoch 213:  24%|██▍       | 6/25 [00:02<00:07,  2.70it/s, loss=2.34e-5]
Training epoch 213:  36%|███▌      | 9/25 [00:03<00:05,  2.74it/s, loss=2.57e-5]
Training epoch 213:  48%|████▊     | 12/25 [00:04<00:04,  2.73it/s, loss=2.32e-5]
Training epoch 213:  60%|██████    | 15/25 [00:05<00:03,  2.71it/s, loss=2.43e-5]
Training epoch 213:  72%|███████▏  | 18/25 [00:06<00:02,  2.69it/s, loss=2.48e-5]
Training epoch 213:  84%|████████▍ | 21/25 [00:07<00:01,  2.69it/s, loss=2.29e-5]
Training epoch 213:  96%|█████████▌| 24/25 [00:08<00:00,  2.68it/s, loss=2.63e-5]
                                                                                 

Validation epoch 213:   0%|          | 0/5 [00:00<?, ?it/s]
                                                           

Training epoch 214:   0%|          | 0/25 [00:00<?, ?it/s]
Training epoch 214:  12%|█▏        | 3/25 [00:01<00:09,  2.35it/s, loss=2.26e-5]
Training epoch 214:  24%|██▍       | 6/25 [00:02<00:07,  2.44it/s, loss=2.54e-5]
Training epoch 214:  36%|███▌      | 9/25 [00:03<00:06,  2.47it/s, loss=2.31e-5]
Training epoch 214:  48%|████▊     | 12/25 [00:04<00:05,  2.48it/s, loss=2.51e-5]
Training epoch 214:  60%|██████    | 15/25 [00:06<00:04,  2.49it/s, loss=2.43e-5]
Training epoch 214:  72%|███████▏  | 18/25 [00:07<00:02,  2.50it/s, loss=2.17e-5]
Training epoch 214:  84%|████████▍ | 21/25 [00:08<00:01,  2.51it/s, loss=2.31e-5]
Training epoch 214:  96%|█████████▌| 24/25 [00:09<00:00,  2.52it/s, loss=2.23e-5]
                                                                                 

Validation epoch 214:   0%|          | 0/5 [00:00<?, ?it/s]
                                                           

Training epoch 215:   0%|          | 0/25 [00:00<?, ?it/s]
Training epoch 215:  12%|█▏        | 3/25 [00:01<00:08,  2.52it/s, loss=2.49e-5]
Training epoch 215:  24%|██▍       | 6/25 [00:02<00:07,  2.62it/s, loss=2.55e-5]
Training epoch 215:  36%|███▌      | 9/25 [00:03<00:06,  2.66it/s, loss=2.44e-5]
Training epoch 215:  48%|████▊     | 12/25 [00:04<00:04,  2.67it/s, loss=2.26e-5]
Training epoch 215:  60%|██████    | 15/25 [00:05<00:03,  2.68it/s, loss=2.4e-5] 
Training epoch 215:  72%|███████▏  | 18/25 [00:06<00:02,  2.69it/s, loss=2.26e-5]
Training epoch 215:  84%|████████▍ | 21/25 [00:07<00:01,  2.69it/s, loss=2.18e-5]
Training epoch 215:  96%|█████████▌| 24/25 [00:08<00:00,  2.69it/s, loss=2.42e-5]
                                                                                 

Validation epoch 215:   0%|          | 0/5 [00:00<?, ?it/s]
                                                           

Training epoch 216:   0%|          | 0/25 [00:00<?, ?it/s]
Training epoch 216:  12%|█▏        | 3/25 [00:01<00:08,  2.52it/s, loss=2.35e-5]
Training epoch 216:  24%|██▍       | 6/25 [00:02<00:07,  2.66it/s, loss=2.31e-5]
Training epoch 216:  36%|███▌      | 9/25 [00:03<00:06,  2.55it/s, loss=2.19e-5]
Training epoch 216:  48%|████▊     | 12/25 [00:04<00:05,  2.49it/s, loss=2.33e-5]
Training epoch 216:  60%|██████    | 15/25 [00:05<00:03,  2.51it/s, loss=2.09e-5]
Training epoch 216:  72%|███████▏  | 18/25 [00:07<00:02,  2.54it/s, loss=2.35e-5]
Training epoch 216:  84%|████████▍ | 21/25 [00:08<00:01,  2.56it/s, loss=2.2e-5] 
Training epoch 216:  96%|█████████▌| 24/25 [00:09<00:00,  2.58it/s, loss=2.42e-5]
                                                                                 

Validation epoch 216:   0%|          | 0/5 [00:00<?, ?it/s]
                                                           

Training epoch 217:   0%|          | 0/25 [00:00<?, ?it/s]
Training epoch 217:  12%|█▏        | 3/25 [00:01<00:08,  2.54it/s, loss=2.47e-5]
Training epoch 217:  24%|██▍       | 6/25 [00:02<00:07,  2.66it/s, loss=2.29e-5]
Training epoch 217:  36%|███▌      | 9/25 [00:03<00:05,  2.71it/s, loss=2.53e-5]
Training epoch 217:  48%|████▊     | 12/25 [00:04<00:04,  2.69it/s, loss=2.13e-5]
Training epoch 217:  60%|██████    | 15/25 [00:05<00:03,  2.66it/s, loss=2.69e-5]
Training epoch 217:  72%|███████▏  | 18/25 [00:06<00:02,  2.64it/s, loss=1.94e-5]
Training epoch 217:  84%|████████▍ | 21/25 [00:07<00:01,  2.63it/s, loss=2.56e-5]
Training epoch 217:  96%|█████████▌| 24/25 [00:09<00:00,  2.61it/s, loss=2.4e-5] 
                                                                                

Validation epoch 217:   0%|          | 0/5 [00:00<?, ?it/s]
                                                           

Training epoch 218:   0%|          | 0/25 [00:00<?, ?it/s]
Training epoch 218:  12%|█▏        | 3/25 [00:01<00:09,  2.40it/s, loss=2.18e-5]
Training epoch 218:  24%|██▍       | 6/25 [00:02<00:07,  2.51it/s, loss=2.36e-5]
Training epoch 218:  36%|███▌      | 9/25 [00:03<00:06,  2.55it/s, loss=2.25e-5]
Training epoch 218:  48%|████▊     | 12/25 [00:04<00:05,  2.57it/s, loss=2.34e-5]
Training epoch 218:  60%|██████    | 15/25 [00:05<00:03,  2.58it/s, loss=2.61e-5]
Training epoch 218:  72%|███████▏  | 18/25 [00:07<00:02,  2.58it/s, loss=2.03e-5]
Training epoch 218:  84%|████████▍ | 21/25 [00:08<00:01,  2.59it/s, loss=2.26e-5]
Training epoch 218:  96%|█████████▌| 24/25 [00:09<00:00,  2.59it/s, loss=2.21e-5]
                                                                                 

Validation epoch 218:   0%|          | 0/5 [00:00<?, ?it/s]
                                                           

Training epoch 219:   0%|          | 0/25 [00:00<?, ?it/s]
Training epoch 219:  12%|█▏        | 3/25 [00:01<00:08,  2.53it/s, loss=2.2e-5]
Training epoch 219:  24%|██▍       | 6/25 [00:02<00:07,  2.65it/s, loss=2.43e-5]
Training epoch 219:  36%|███▌      | 9/25 [00:03<00:05,  2.69it/s, loss=2.22e-5]
Training epoch 219:  48%|████▊     | 12/25 [00:04<00:04,  2.71it/s, loss=2.2e-5]
Training epoch 219:  60%|██████    | 15/25 [00:05<00:03,  2.70it/s, loss=2.39e-5]
Training epoch 219:  72%|███████▏  | 18/25 [00:06<00:02,  2.66it/s, loss=2.41e-5]
Training epoch 219:  84%|████████▍ | 21/25 [00:07<00:01,  2.63it/s, loss=2.55e-5]
Training epoch 219:  96%|█████████▌| 24/25 [00:09<00:00,  2.61it/s, loss=2.13e-5]
                                                                                 

Validation epoch 219:   0%|          | 0/5 [00:00<?, ?it/s]
                                                           

Training epoch 220:   0%|          | 0/25 [00:00<?, ?it/s]
Training epoch 220:  12%|█▏        | 3/25 [00:01<00:08,  2.52it/s, loss=2.31e-5]
Training epoch 220:  24%|██▍       | 6/25 [00:02<00:07,  2.64it/s, loss=2.43e-5]
Training epoch 220:  36%|███▌      | 9/25 [00:03<00:05,  2.68it/s, loss=2.38e-5]
Training epoch 220:  48%|████▊     | 12/25 [00:04<00:04,  2.70it/s, loss=2.38e-5]
Training epoch 220:  60%|██████    | 15/25 [00:05<00:03,  2.52it/s, loss=2.46e-5]
Training epoch 220:  72%|███████▏  | 18/25 [00:07<00:02,  2.52it/s, loss=2.34e-5]
Training epoch 220:  84%|████████▍ | 21/25 [00:08<00:01,  2.53it/s, loss=2.16e-5]
Training epoch 220:  96%|█████████▌| 24/25 [00:09<00:00,  2.53it/s, loss=2.41e-5]
                                                                                 

Validation epoch 220:   0%|          | 0/5 [00:00<?, ?it/s]
                                                           

Training epoch 221:   0%|          | 0/25 [00:00<?, ?it/s]
Training epoch 221:  12%|█▏        | 3/25 [00:01<00:08,  2.59it/s, loss=2.48e-5]
Training epoch 221:  24%|██▍       | 6/25 [00:02<00:07,  2.66it/s, loss=2.33e-5]
Training epoch 221:  36%|███▌      | 9/25 [00:03<00:05,  2.69it/s, loss=2.54e-5]
Training epoch 221:  48%|████▊     | 12/25 [00:04<00:04,  2.70it/s, loss=2.48e-5]
Training epoch 221:  60%|██████    | 15/25 [00:05<00:03,  2.70it/s, loss=2.17e-5]
Training epoch 221:  72%|███████▏  | 18/25 [00:06<00:02,  2.71it/s, loss=2.3e-5] 
Training epoch 221:  84%|████████▍ | 21/25 [00:07<00:01,  2.71it/s, loss=2.01e-5]
Training epoch 221:  96%|█████████▌| 24/25 [00:08<00:00,  2.71it/s, loss=2.32e-5]
                                                                                 

Validation epoch 221:   0%|          | 0/5 [00:00<?, ?it/s]
                                                           

Training epoch 222:   0%|          | 0/25 [00:00<?, ?it/s]
Training epoch 222:  12%|█▏        | 3/25 [00:01<00:08,  2.69it/s, loss=1.98e-5]
Training epoch 222:  24%|██▍       | 6/25 [00:02<00:06,  2.76it/s, loss=2.17e-5]
Training epoch 222:  36%|███▌      | 9/25 [00:03<00:05,  2.78it/s, loss=2.1e-5] 
Training epoch 222:  48%|████▊     | 12/25 [00:04<00:04,  2.79it/s, loss=2.19e-5]
Training epoch 222:  60%|██████    | 15/25 [00:05<00:03,  2.80it/s, loss=2.47e-5]
Training epoch 222:  72%|███████▏  | 18/25 [00:06<00:02,  2.80it/s, loss=2.12e-5]
Training epoch 222:  84%|████████▍ | 21/25 [00:07<00:01,  2.80it/s, loss=2.28e-5]
Training epoch 222:  96%|█████████▌| 24/25 [00:08<00:00,  2.80it/s, loss=2.46e-5]
                                                                                 

Validation epoch 222:   0%|          | 0/5 [00:00<?, ?it/s]
                                                           

Training epoch 223:   0%|          | 0/25 [00:00<?, ?it/s]
Training epoch 223:  12%|█▏        | 3/25 [00:01<00:08,  2.67it/s, loss=2.31e-5]
Training epoch 223:  24%|██▍       | 6/25 [00:02<00:06,  2.75it/s, loss=2.1e-5] 
Training epoch 223:  36%|███▌      | 9/25 [00:03<00:05,  2.78it/s, loss=2.35e-5]
Training epoch 223:  48%|████▊     | 12/25 [00:04<00:04,  2.80it/s, loss=2.21e-5]
Training epoch 223:  60%|██████    | 15/25 [00:05<00:03,  2.80it/s, loss=2.3e-5] 
Training epoch 223:  72%|███████▏  | 18/25 [00:06<00:02,  2.81it/s, loss=2.01e-5]
Training epoch 223:  84%|████████▍ | 21/25 [00:07<00:01,  2.81it/s, loss=2.3e-5] 
Training epoch 223:  96%|█████████▌| 24/25 [00:08<00:00,  2.81it/s, loss=2.3e-5]
                                                                                

Validation epoch 223:   0%|          | 0/5 [00:00<?, ?it/s]
                                                           

Training epoch 224:   0%|          | 0/25 [00:00<?, ?it/s]
Training epoch 224:  12%|█▏        | 3/25 [00:01<00:08,  2.69it/s, loss=2.25e-5]
Training epoch 224:  24%|██▍       | 6/25 [00:02<00:06,  2.76it/s, loss=2.5e-5] 
Training epoch 224:  36%|███▌      | 9/25 [00:03<00:05,  2.79it/s, loss=2.21e-5]
Training epoch 224:  48%|████▊     | 12/25 [00:04<00:04,  2.80it/s, loss=2.24e-5]
Training epoch 224:  60%|██████    | 15/25 [00:05<00:03,  2.81it/s, loss=2.32e-5]
Training epoch 224:  72%|███████▏  | 18/25 [00:06<00:02,  2.81it/s, loss=2.45e-5]
Training epoch 224:  84%|████████▍ | 21/25 [00:07<00:01,  2.81it/s, loss=2.5e-5] 
Training epoch 224:  96%|█████████▌| 24/25 [00:08<00:00,  2.82it/s, loss=2.52e-5]
                                                                                 

Validation epoch 224:   0%|          | 0/5 [00:00<?, ?it/s]
                                                           

Training epoch 225:   0%|          | 0/25 [00:00<?, ?it/s]
Training epoch 225:  12%|█▏        | 3/25 [00:01<00:08,  2.68it/s, loss=2.33e-5]
Training epoch 225:  24%|██▍       | 6/25 [00:02<00:06,  2.76it/s, loss=2.36e-5]
Training epoch 225:  36%|███▌      | 9/25 [00:03<00:05,  2.79it/s, loss=2.47e-5]
Training epoch 225:  48%|████▊     | 12/25 [00:04<00:04,  2.80it/s, loss=2.06e-5]
Training epoch 225:  60%|██████    | 15/25 [00:05<00:03,  2.81it/s, loss=2.54e-5]
Training epoch 225:  72%|███████▏  | 18/25 [00:06<00:02,  2.81it/s, loss=2.24e-5]
Training epoch 225:  84%|████████▍ | 21/25 [00:07<00:01,  2.81it/s, loss=2.38e-5]
Training epoch 225:  96%|█████████▌| 24/25 [00:08<00:00,  2.82it/s, loss=2.19e-5]
                                                                                 

Validation epoch 225:   0%|          | 0/5 [00:00<?, ?it/s]
                                                           

Training epoch 226:   0%|          | 0/25 [00:00<?, ?it/s]
Training epoch 226:  12%|█▏        | 3/25 [00:01<00:08,  2.67it/s, loss=2.47e-5]
Training epoch 226:  24%|██▍       | 6/25 [00:02<00:06,  2.75it/s, loss=2.32e-5]
Training epoch 226:  36%|███▌      | 9/25 [00:03<00:05,  2.78it/s, loss=2.14e-5]
Training epoch 226:  48%|████▊     | 12/25 [00:04<00:04,  2.80it/s, loss=2.31e-5]
Training epoch 226:  60%|██████    | 15/25 [00:05<00:03,  2.81it/s, loss=2.15e-5]
Training epoch 226:  72%|███████▏  | 18/25 [00:06<00:02,  2.81it/s, loss=2.04e-5]
Training epoch 226:  84%|████████▍ | 21/25 [00:07<00:01,  2.81it/s, loss=2.02e-5]
Training epoch 226:  96%|█████████▌| 24/25 [00:08<00:00,  2.81it/s, loss=2.27e-5]
                                                                                 

Validation epoch 226:   0%|          | 0/5 [00:00<?, ?it/s]
                                                           

Training epoch 227:   0%|          | 0/25 [00:00<?, ?it/s]
Training epoch 227:  12%|█▏        | 3/25 [00:01<00:08,  2.68it/s, loss=2.11e-5]
Training epoch 227:  24%|██▍       | 6/25 [00:02<00:06,  2.76it/s, loss=2.07e-5]
Training epoch 227:  36%|███▌      | 9/25 [00:03<00:05,  2.78it/s, loss=2.28e-5]
Training epoch 227:  48%|████▊     | 12/25 [00:04<00:04,  2.80it/s, loss=2.03e-5]
Training epoch 227:  60%|██████    | 15/25 [00:05<00:03,  2.80it/s, loss=2.19e-5]
Training epoch 227:  72%|███████▏  | 18/25 [00:06<00:02,  2.81it/s, loss=2.14e-5]
Training epoch 227:  84%|████████▍ | 21/25 [00:07<00:01,  2.81it/s, loss=2.73e-5]
Training epoch 227:  96%|█████████▌| 24/25 [00:08<00:00,  2.81it/s, loss=2.75e-5]
                                                                                 

Validation epoch 227:   0%|          | 0/5 [00:00<?, ?it/s]
                                                           

Training epoch 228:   0%|          | 0/25 [00:00<?, ?it/s]
Training epoch 228:  12%|█▏        | 3/25 [00:01<00:08,  2.69it/s, loss=2.29e-5]
Training epoch 228:  24%|██▍       | 6/25 [00:02<00:06,  2.76it/s, loss=2.31e-5]
Training epoch 228:  36%|███▌      | 9/25 [00:03<00:05,  2.79it/s, loss=2.48e-5]
Training epoch 228:  48%|████▊     | 12/25 [00:04<00:04,  2.80it/s, loss=2.24e-5]
Training epoch 228:  60%|██████    | 15/25 [00:05<00:03,  2.80it/s, loss=2.04e-5]
Training epoch 228:  72%|███████▏  | 18/25 [00:06<00:02,  2.81it/s, loss=2.2e-5] 
Training epoch 228:  84%|████████▍ | 21/25 [00:07<00:01,  2.81it/s, loss=2.29e-5]
Training epoch 228:  96%|█████████▌| 24/25 [00:08<00:00,  2.81it/s, loss=2.2e-5] 
                                                                                

Validation epoch 228:   0%|          | 0/5 [00:00<?, ?it/s]
                                                           

Training epoch 229:   0%|          | 0/25 [00:00<?, ?it/s]
Training epoch 229:  12%|█▏        | 3/25 [00:01<00:08,  2.68it/s, loss=2.32e-5]
Training epoch 229:  24%|██▍       | 6/25 [00:02<00:06,  2.76it/s, loss=2.39e-5]
Training epoch 229:  36%|███▌      | 9/25 [00:03<00:05,  2.78it/s, loss=2.28e-5]
Training epoch 229:  48%|████▊     | 12/25 [00:04<00:04,  2.80it/s, loss=2.33e-5]
Training epoch 229:  60%|██████    | 15/25 [00:05<00:03,  2.80it/s, loss=2.31e-5]
Training epoch 229:  72%|███████▏  | 18/25 [00:06<00:02,  2.81it/s, loss=2.16e-5]
Training epoch 229:  84%|████████▍ | 21/25 [00:07<00:01,  2.81it/s, loss=2.31e-5]
Training epoch 229:  96%|█████████▌| 24/25 [00:08<00:00,  2.81it/s, loss=2.46e-5]
                                                                                 

Validation epoch 229:   0%|          | 0/5 [00:00<?, ?it/s]
                                                           

Training epoch 230:   0%|          | 0/25 [00:00<?, ?it/s]
Training epoch 230:  12%|█▏        | 3/25 [00:01<00:08,  2.70it/s, loss=2.32e-5]
Training epoch 230:  24%|██▍       | 6/25 [00:02<00:06,  2.77it/s, loss=2.57e-5]
Training epoch 230:  36%|███▌      | 9/25 [00:03<00:05,  2.79it/s, loss=2.17e-5]
Training epoch 230:  48%|████▊     | 12/25 [00:04<00:04,  2.80it/s, loss=2.43e-5]
Training epoch 230:  60%|██████    | 15/25 [00:05<00:03,  2.80it/s, loss=2.38e-5]
Training epoch 230:  72%|███████▏  | 18/25 [00:06<00:02,  2.81it/s, loss=2.63e-5]
Training epoch 230:  84%|████████▍ | 21/25 [00:07<00:01,  2.81it/s, loss=2.2e-5] 
Training epoch 230:  96%|█████████▌| 24/25 [00:08<00:00,  2.81it/s, loss=2.29e-5]
                                                                                 

Validation epoch 230:   0%|          | 0/5 [00:00<?, ?it/s]
                                                           

Training epoch 231:   0%|          | 0/25 [00:00<?, ?it/s]
Training epoch 231:  12%|█▏        | 3/25 [00:01<00:08,  2.70it/s, loss=2.21e-5]
Training epoch 231:  24%|██▍       | 6/25 [00:02<00:06,  2.77it/s, loss=2.56e-5]
Training epoch 231:  36%|███▌      | 9/25 [00:03<00:05,  2.79it/s, loss=2.45e-5]
Training epoch 231:  48%|████▊     | 12/25 [00:04<00:04,  2.80it/s, loss=2.46e-5]
Training epoch 231:  60%|██████    | 15/25 [00:05<00:03,  2.81it/s, loss=2.17e-5]
Training epoch 231:  72%|███████▏  | 18/25 [00:06<00:02,  2.81it/s, loss=2.24e-5]
Training epoch 231:  84%|████████▍ | 21/25 [00:07<00:01,  2.81it/s, loss=2.4e-5] 
Training epoch 231:  96%|█████████▌| 24/25 [00:08<00:00,  2.81it/s, loss=2.12e-5]
                                                                                 

Validation epoch 231:   0%|          | 0/5 [00:00<?, ?it/s]
                                                           

Training epoch 232:   0%|          | 0/25 [00:00<?, ?it/s]
Training epoch 232:  12%|█▏        | 3/25 [00:01<00:08,  2.69it/s, loss=2.48e-5]
Training epoch 232:  24%|██▍       | 6/25 [00:02<00:06,  2.76it/s, loss=2.38e-5]
Training epoch 232:  36%|███▌      | 9/25 [00:03<00:05,  2.79it/s, loss=2.25e-5]
Training epoch 232:  48%|████▊     | 12/25 [00:04<00:04,  2.80it/s, loss=2.2e-5]
Training epoch 232:  60%|██████    | 15/25 [00:05<00:03,  2.80it/s, loss=2.61e-5]
Training epoch 232:  72%|███████▏  | 18/25 [00:06<00:02,  2.81it/s, loss=2.33e-5]
Training epoch 232:  84%|████████▍ | 21/25 [00:07<00:01,  2.81it/s, loss=2.03e-5]
Training epoch 232:  96%|█████████▌| 24/25 [00:08<00:00,  2.81it/s, loss=1.93e-5]
                                                                                 

Validation epoch 232:   0%|          | 0/5 [00:00<?, ?it/s]
                                                           

Training epoch 233:   0%|          | 0/25 [00:00<?, ?it/s]
Training epoch 233:  12%|█▏        | 3/25 [00:01<00:08,  2.69it/s, loss=2.19e-5]
Training epoch 233:  24%|██▍       | 6/25 [00:02<00:06,  2.76it/s, loss=3.14e-5]
Training epoch 233:  36%|███▌      | 9/25 [00:03<00:05,  2.79it/s, loss=2.32e-5]
Training epoch 233:  48%|████▊     | 12/25 [00:04<00:04,  2.80it/s, loss=2.2e-5]
Training epoch 233:  60%|██████    | 15/25 [00:05<00:03,  2.81it/s, loss=2.33e-5]
Training epoch 233:  72%|███████▏  | 18/25 [00:06<00:02,  2.81it/s, loss=2.11e-5]
Training epoch 233:  84%|████████▍ | 21/25 [00:07<00:01,  2.81it/s, loss=2.51e-5]
Training epoch 233:  96%|█████████▌| 24/25 [00:08<00:00,  2.82it/s, loss=2.44e-5]
                                                                                 

Validation epoch 233:   0%|          | 0/5 [00:00<?, ?it/s]
                                                           

Training epoch 234:   0%|          | 0/25 [00:00<?, ?it/s]
Training epoch 234:  12%|█▏        | 3/25 [00:01<00:08,  2.70it/s, loss=2.21e-5]
Training epoch 234:  24%|██▍       | 6/25 [00:02<00:06,  2.77it/s, loss=2.46e-5]
Training epoch 234:  36%|███▌      | 9/25 [00:03<00:05,  2.79it/s, loss=2.4e-5] 
Training epoch 234:  48%|████▊     | 12/25 [00:04<00:04,  2.80it/s, loss=2.23e-5]
Training epoch 234:  60%|██████    | 15/25 [00:05<00:03,  2.80it/s, loss=2.44e-5]
Training epoch 234:  72%|███████▏  | 18/25 [00:06<00:02,  2.80it/s, loss=2.25e-5]
Training epoch 234:  84%|████████▍ | 21/25 [00:07<00:01,  2.81it/s, loss=2.39e-5]
Training epoch 234:  96%|█████████▌| 24/25 [00:08<00:00,  2.81it/s, loss=2.16e-5]
                                                                                 

Validation epoch 234:   0%|          | 0/5 [00:00<?, ?it/s]
                                                           

Training epoch 235:   0%|          | 0/25 [00:00<?, ?it/s]
Training epoch 235:  12%|█▏        | 3/25 [00:01<00:08,  2.60it/s, loss=2.44e-5]
Training epoch 235:  24%|██▍       | 6/25 [00:02<00:06,  2.72it/s, loss=2.47e-5]
Training epoch 235:  36%|███▌      | 9/25 [00:03<00:05,  2.76it/s, loss=2.23e-5]
Training epoch 235:  48%|████▊     | 12/25 [00:04<00:04,  2.78it/s, loss=2.61e-5]
Training epoch 235:  60%|██████    | 15/25 [00:05<00:03,  2.79it/s, loss=2.19e-5]
Training epoch 235:  72%|███████▏  | 18/25 [00:06<00:02,  2.79it/s, loss=2.18e-5]
Training epoch 235:  84%|████████▍ | 21/25 [00:07<00:01,  2.80it/s, loss=2.11e-5]
Training epoch 235:  96%|█████████▌| 24/25 [00:08<00:00,  2.80it/s, loss=2.01e-5]
                                                                                 

Validation epoch 235:   0%|          | 0/5 [00:00<?, ?it/s]
                                                           

Training epoch 236:   0%|          | 0/25 [00:00<?, ?it/s]
Training epoch 236:  12%|█▏        | 3/25 [00:01<00:08,  2.69it/s, loss=2.26e-5]
Training epoch 236:  24%|██▍       | 6/25 [00:02<00:06,  2.75it/s, loss=2.28e-5]
Training epoch 236:  36%|███▌      | 9/25 [00:03<00:05,  2.77it/s, loss=2.4e-5] 
Training epoch 236:  48%|████▊     | 12/25 [00:04<00:04,  2.78it/s, loss=2.24e-5]
Training epoch 236:  60%|██████    | 15/25 [00:05<00:03,  2.79it/s, loss=2.23e-5]
Training epoch 236:  72%|███████▏  | 18/25 [00:06<00:02,  2.79it/s, loss=2.32e-5]
Training epoch 236:  84%|████████▍ | 21/25 [00:07<00:01,  2.61it/s, loss=2.61e-5]
Training epoch 236:  96%|█████████▌| 24/25 [00:08<00:00,  2.59it/s, loss=2.11e-5]
                                                                                 

Validation epoch 236:   0%|          | 0/5 [00:00<?, ?it/s]
                                                           

Training epoch 237:   0%|          | 0/25 [00:00<?, ?it/s]
Training epoch 237:  12%|█▏        | 3/25 [00:01<00:08,  2.59it/s, loss=2.65e-5]
Training epoch 237:  24%|██▍       | 6/25 [00:02<00:07,  2.71it/s, loss=2.34e-5]
Training epoch 237:  36%|███▌      | 9/25 [00:03<00:05,  2.75it/s, loss=2.43e-5]
Training epoch 237:  48%|████▊     | 12/25 [00:04<00:04,  2.76it/s, loss=2.19e-5]
Training epoch 237:  60%|██████    | 15/25 [00:05<00:03,  2.77it/s, loss=2.41e-5]
Training epoch 237:  72%|███████▏  | 18/25 [00:06<00:02,  2.76it/s, loss=2.22e-5]
Training epoch 237:  84%|████████▍ | 21/25 [00:07<00:01,  2.63it/s, loss=2.57e-5]
Training epoch 237:  96%|█████████▌| 24/25 [00:09<00:00,  2.57it/s, loss=2.26e-5]
                                                                                 

Validation epoch 237:   0%|          | 0/5 [00:00<?, ?it/s]
                                                           

Training epoch 238:   0%|          | 0/25 [00:00<?, ?it/s]
Training epoch 238:  12%|█▏        | 3/25 [00:01<00:08,  2.59it/s, loss=2.68e-5]
Training epoch 238:  24%|██▍       | 6/25 [00:02<00:07,  2.71it/s, loss=2.12e-5]
Training epoch 238:  36%|███▌      | 9/25 [00:03<00:05,  2.75it/s, loss=2.38e-5]
Training epoch 238:  48%|████▊     | 12/25 [00:04<00:04,  2.74it/s, loss=2.3e-5]
Training epoch 238:  60%|██████    | 15/25 [00:05<00:03,  2.68it/s, loss=2.2e-5]
Training epoch 238:  72%|███████▏  | 18/25 [00:06<00:02,  2.64it/s, loss=2.28e-5]
Training epoch 238:  84%|████████▍ | 21/25 [00:07<00:01,  2.62it/s, loss=2.24e-5]
Training epoch 238:  96%|█████████▌| 24/25 [00:09<00:00,  2.61it/s, loss=2.13e-5]
                                                                                 

Validation epoch 238:   0%|          | 0/5 [00:00<?, ?it/s]
                                                           

Training epoch 239:   0%|          | 0/25 [00:00<?, ?it/s]
Training epoch 239:  12%|█▏        | 3/25 [00:01<00:09,  2.40it/s, loss=2.16e-5]
Training epoch 239:  24%|██▍       | 6/25 [00:02<00:07,  2.51it/s, loss=2.22e-5]
Training epoch 239:  36%|███▌      | 9/25 [00:03<00:06,  2.54it/s, loss=2.27e-5]
Training epoch 239:  48%|████▊     | 12/25 [00:04<00:05,  2.56it/s, loss=2.59e-5]
Training epoch 239:  60%|██████    | 15/25 [00:05<00:03,  2.57it/s, loss=2.07e-5]
Training epoch 239:  72%|███████▏  | 18/25 [00:07<00:02,  2.58it/s, loss=2.41e-5]
Training epoch 239:  84%|████████▍ | 21/25 [00:08<00:01,  2.58it/s, loss=2.39e-5]
Training epoch 239:  96%|█████████▌| 24/25 [00:09<00:00,  2.58it/s, loss=2.32e-5]
                                                                                 

Validation epoch 239:   0%|          | 0/5 [00:00<?, ?it/s]
                                                           

Training epoch 240:   0%|          | 0/25 [00:00<?, ?it/s]
Training epoch 240:  12%|█▏        | 3/25 [00:01<00:08,  2.53it/s, loss=1.97e-5]
Training epoch 240:  24%|██▍       | 6/25 [00:02<00:07,  2.65it/s, loss=2.47e-5]
Training epoch 240:  36%|███▌      | 9/25 [00:03<00:05,  2.68it/s, loss=1.99e-5]
Training epoch 240:  48%|████▊     | 12/25 [00:04<00:04,  2.70it/s, loss=2.31e-5]
Training epoch 240:  60%|██████    | 15/25 [00:05<00:03,  2.71it/s, loss=2.54e-5]
Training epoch 240:  72%|███████▏  | 18/25 [00:06<00:02,  2.71it/s, loss=2.42e-5]
Training epoch 240:  84%|████████▍ | 21/25 [00:07<00:01,  2.72it/s, loss=2.18e-5]
Training epoch 240:  96%|█████████▌| 24/25 [00:08<00:00,  2.73it/s, loss=1.96e-5]
                                                                                 

Validation epoch 240:   0%|          | 0/5 [00:00<?, ?it/s]
                                                           

Training epoch 241:   0%|          | 0/25 [00:00<?, ?it/s]
Training epoch 241:  12%|█▏        | 3/25 [00:01<00:08,  2.52it/s, loss=2.23e-5]
Training epoch 241:  24%|██▍       | 6/25 [00:02<00:07,  2.64it/s, loss=2.42e-5]
Training epoch 241:  36%|███▌      | 9/25 [00:03<00:05,  2.68it/s, loss=2.16e-5]
Training epoch 241:  48%|████▊     | 12/25 [00:04<00:04,  2.70it/s, loss=2.38e-5]
Training epoch 241:  60%|██████    | 15/25 [00:05<00:03,  2.71it/s, loss=2.22e-5]
Training epoch 241:  72%|███████▏  | 18/25 [00:06<00:02,  2.71it/s, loss=2.41e-5]
Training epoch 241:  84%|████████▍ | 21/25 [00:07<00:01,  2.72it/s, loss=2.4e-5] 
Training epoch 241:  96%|█████████▌| 24/25 [00:08<00:00,  2.72it/s, loss=2.52e-5]
                                                                                 

Validation epoch 241:   0%|          | 0/5 [00:00<?, ?it/s]
                                                           

Training epoch 242:   0%|          | 0/25 [00:00<?, ?it/s]
Training epoch 242:  12%|█▏        | 3/25 [00:01<00:10,  2.12it/s, loss=2.6e-5]
Training epoch 242:  24%|██▍       | 6/25 [00:02<00:08,  2.29it/s, loss=2.14e-5]
Training epoch 242:  36%|███▌      | 9/25 [00:03<00:06,  2.37it/s, loss=2.49e-5]
Training epoch 242:  48%|████▊     | 12/25 [00:05<00:05,  2.41it/s, loss=2.49e-5]
Training epoch 242:  60%|██████    | 15/25 [00:06<00:04,  2.45it/s, loss=2.1e-5] 
Training epoch 242:  72%|███████▏  | 18/25 [00:07<00:02,  2.52it/s, loss=2.2e-5]
Training epoch 242:  84%|████████▍ | 21/25 [00:08<00:01,  2.57it/s, loss=2.4e-5]
Training epoch 242:  96%|█████████▌| 24/25 [00:09<00:00,  2.60it/s, loss=2.24e-5]
                                                                                 

Validation epoch 242:   0%|          | 0/5 [00:00<?, ?it/s]
                                                           

Training epoch 243:   0%|          | 0/25 [00:00<?, ?it/s]
Training epoch 243:  12%|█▏        | 3/25 [00:01<00:08,  2.47it/s, loss=2.21e-5]
Training epoch 243:  24%|██▍       | 6/25 [00:02<00:07,  2.58it/s, loss=2.47e-5]
Training epoch 243:  36%|███▌      | 9/25 [00:03<00:06,  2.62it/s, loss=2.49e-5]
Training epoch 243:  48%|████▊     | 12/25 [00:04<00:04,  2.64it/s, loss=2.37e-5]
Training epoch 243:  60%|██████    | 15/25 [00:05<00:03,  2.65it/s, loss=2.46e-5]
Training epoch 243:  72%|███████▏  | 18/25 [00:06<00:02,  2.66it/s, loss=2.22e-5]
Training epoch 243:  84%|████████▍ | 21/25 [00:07<00:01,  2.66it/s, loss=2.81e-5]
Training epoch 243:  96%|█████████▌| 24/25 [00:09<00:00,  2.67it/s, loss=2.71e-5]
                                                                                 

Validation epoch 243:   0%|          | 0/5 [00:00<?, ?it/s]
                                                           

Training epoch 244:   0%|          | 0/25 [00:00<?, ?it/s]
Training epoch 244:  12%|█▏        | 3/25 [00:01<00:08,  2.60it/s, loss=2.13e-5]
Training epoch 244:  24%|██▍       | 6/25 [00:02<00:07,  2.60it/s, loss=2.37e-5]
Training epoch 244:  36%|███▌      | 9/25 [00:03<00:06,  2.57it/s, loss=2.42e-5]
Training epoch 244:  48%|████▊     | 12/25 [00:04<00:05,  2.55it/s, loss=2.33e-5]
Training epoch 244:  60%|██████    | 15/25 [00:05<00:03,  2.54it/s, loss=1.98e-5]
Training epoch 244:  72%|███████▏  | 18/25 [00:07<00:02,  2.54it/s, loss=2.38e-5]
Training epoch 244:  84%|████████▍ | 21/25 [00:08<00:01,  2.54it/s, loss=2.42e-5]
Training epoch 244:  96%|█████████▌| 24/25 [00:09<00:00,  2.53it/s, loss=2.24e-5]
                                                                                 

Validation epoch 244:   0%|          | 0/5 [00:00<?, ?it/s]
                                                           

Training epoch 245:   0%|          | 0/25 [00:00<?, ?it/s]
Training epoch 245:  12%|█▏        | 3/25 [00:01<00:08,  2.57it/s, loss=2.43e-5]
Training epoch 245:  24%|██▍       | 6/25 [00:02<00:07,  2.69it/s, loss=2.36e-5]
Training epoch 245:  36%|███▌      | 9/25 [00:03<00:05,  2.74it/s, loss=2.29e-5]
Training epoch 245:  48%|████▊     | 12/25 [00:04<00:04,  2.76it/s, loss=2.15e-5]
Training epoch 245:  60%|██████    | 15/25 [00:05<00:03,  2.62it/s, loss=2.21e-5]
Training epoch 245:  72%|███████▏  | 18/25 [00:06<00:02,  2.55it/s, loss=2.43e-5]
Training epoch 245:  84%|████████▍ | 21/25 [00:08<00:01,  2.50it/s, loss=2.08e-5]
Training epoch 245:  96%|█████████▌| 24/25 [00:09<00:00,  2.55it/s, loss=2.47e-5]
                                                                                 

Validation epoch 245:   0%|          | 0/5 [00:00<?, ?it/s]
                                                           

Training epoch 246:   0%|          | 0/25 [00:00<?, ?it/s]
Training epoch 246:  12%|█▏        | 3/25 [00:01<00:08,  2.56it/s, loss=2.47e-5]
Training epoch 246:  24%|██▍       | 6/25 [00:02<00:07,  2.68it/s, loss=2.58e-5]
Training epoch 246:  36%|███▌      | 9/25 [00:03<00:05,  2.72it/s, loss=2.63e-5]
Training epoch 246:  48%|████▊     | 12/25 [00:04<00:04,  2.67it/s, loss=2.24e-5]
Training epoch 246:  60%|██████    | 15/25 [00:05<00:03,  2.56it/s, loss=2.49e-5]
Training epoch 246:  72%|███████▏  | 18/25 [00:06<00:02,  2.56it/s, loss=2.47e-5]
Training epoch 246:  84%|████████▍ | 21/25 [00:08<00:01,  2.55it/s, loss=2.35e-5]
Training epoch 246:  96%|█████████▌| 24/25 [00:09<00:00,  2.55it/s, loss=2.4e-5] 
                                                                                

Validation epoch 246:   0%|          | 0/5 [00:00<?, ?it/s]
                                                           

Training epoch 247:   0%|          | 0/25 [00:00<?, ?it/s]
Training epoch 247:  12%|█▏        | 3/25 [00:01<00:09,  2.36it/s, loss=2.16e-5]
Training epoch 247:  24%|██▍       | 6/25 [00:02<00:07,  2.47it/s, loss=2.24e-5]
Training epoch 247:  36%|███▌      | 9/25 [00:03<00:06,  2.51it/s, loss=2.18e-5]
Training epoch 247:  48%|████▊     | 12/25 [00:04<00:05,  2.53it/s, loss=2.61e-5]
Training epoch 247:  60%|██████    | 15/25 [00:05<00:03,  2.54it/s, loss=2.47e-5]
Training epoch 247:  72%|███████▏  | 18/25 [00:07<00:02,  2.55it/s, loss=2.55e-5]
Training epoch 247:  84%|████████▍ | 21/25 [00:08<00:01,  2.55it/s, loss=2.61e-5]
Training epoch 247:  96%|█████████▌| 24/25 [00:09<00:00,  2.56it/s, loss=2.31e-5]
                                                                                 

Validation epoch 247:   0%|          | 0/5 [00:00<?, ?it/s]
                                                           

Training epoch 248:   0%|          | 0/25 [00:00<?, ?it/s]
Training epoch 248:  12%|█▏        | 3/25 [00:01<00:08,  2.58it/s, loss=2.37e-5]
Training epoch 248:  24%|██▍       | 6/25 [00:02<00:07,  2.70it/s, loss=2.19e-5]
Training epoch 248:  36%|███▌      | 9/25 [00:03<00:06,  2.60it/s, loss=2.24e-5]
Training epoch 248:  48%|████▊     | 12/25 [00:04<00:05,  2.54it/s, loss=2.25e-5]
Training epoch 248:  60%|██████    | 15/25 [00:05<00:03,  2.56it/s, loss=2.16e-5]
Training epoch 248:  72%|███████▏  | 18/25 [00:06<00:02,  2.58it/s, loss=2.3e-5] 
Training epoch 248:  84%|████████▍ | 21/25 [00:08<00:01,  2.59it/s, loss=2.28e-5]
Training epoch 248:  96%|█████████▌| 24/25 [00:09<00:00,  2.60it/s, loss=2.11e-5]
                                                                                 

Validation epoch 248:   0%|          | 0/5 [00:00<?, ?it/s]
                                                           

Training epoch 249:   0%|          | 0/25 [00:00<?, ?it/s]
Training epoch 249:  12%|█▏        | 3/25 [00:01<00:08,  2.55it/s, loss=2.21e-5]
Training epoch 249:  24%|██▍       | 6/25 [00:02<00:07,  2.66it/s, loss=2.39e-5]
Training epoch 249:  36%|███▌      | 9/25 [00:03<00:05,  2.70it/s, loss=2.09e-5]
Training epoch 249:  48%|████▊     | 12/25 [00:04<00:04,  2.72it/s, loss=2.59e-5]
Training epoch 249:  60%|██████    | 15/25 [00:05<00:03,  2.73it/s, loss=2.48e-5]
Training epoch 249:  72%|███████▏  | 18/25 [00:06<00:02,  2.74it/s, loss=2.41e-5]
Training epoch 249:  84%|████████▍ | 21/25 [00:07<00:01,  2.74it/s, loss=2.48e-5]
Training epoch 249:  96%|█████████▌| 24/25 [00:08<00:00,  2.72it/s, loss=2.24e-5]
                                                                                 

Validation epoch 249:   0%|          | 0/5 [00:00<?, ?it/s]
                                                           

Training epoch 250:   0%|          | 0/25 [00:00<?, ?it/s]
Training epoch 250:  12%|█▏        | 3/25 [00:01<00:08,  2.48it/s, loss=2.21e-5]
Training epoch 250:  24%|██▍       | 6/25 [00:02<00:07,  2.59it/s, loss=2.55e-5]
Training epoch 250:  36%|███▌      | 9/25 [00:03<00:06,  2.62it/s, loss=2.42e-5]
Training epoch 250:  48%|████▊     | 12/25 [00:04<00:04,  2.64it/s, loss=2.24e-5]
Training epoch 250:  60%|██████    | 15/25 [00:05<00:03,  2.65it/s, loss=2.44e-5]
Training epoch 250:  72%|███████▏  | 18/25 [00:06<00:02,  2.65it/s, loss=2.41e-5]
Training epoch 250:  84%|████████▍ | 21/25 [00:07<00:01,  2.66it/s, loss=2.38e-5]
Training epoch 250:  96%|█████████▌| 24/25 [00:09<00:00,  2.66it/s, loss=2.66e-5]
                                                                                 

Eval Franka Kitchen:   0%|          | 0/10 [00:00<?, ?it/s]
Eval Franka Kitchen:  30%|███       | 3/10 [00:06<00:14,  2.09s/it]
Eval Franka Kitchen:  60%|██████    | 6/10 [00:12<00:08,  2.12s/it]
Eval Franka Kitchen:  90%|█████████ | 9/10 [00:19<00:02,  2.11s/it]
                                                                   

Validation epoch 250:   0%|          | 0/5 [00:00<?, ?it/s]
                                                           

Training epoch 251:   0%|          | 0/25 [00:00<?, ?it/s]
Training epoch 251:  12%|█▏        | 3/25 [00:01<00:08,  2.57it/s, loss=2.31e-5]
Training epoch 251:  24%|██▍       | 6/25 [00:02<00:07,  2.70it/s, loss=2.08e-5]
Training epoch 251:  36%|███▌      | 9/25 [00:03<00:05,  2.74it/s, loss=2.27e-5]
Training epoch 251:  48%|████▊     | 12/25 [00:04<00:04,  2.76it/s, loss=2.54e-5]
Training epoch 251:  60%|██████    | 15/25 [00:05<00:03,  2.77it/s, loss=2.36e-5]
Training epoch 251:  72%|███████▏  | 18/25 [00:06<00:02,  2.77it/s, loss=2.3e-5] 
Training epoch 251:  84%|████████▍ | 21/25 [00:07<00:01,  2.78it/s, loss=2.25e-5]
Training epoch 251:  96%|█████████▌| 24/25 [00:08<00:00,  2.78it/s, loss=2e-5]   
                                                                              

Validation epoch 251:   0%|          | 0/5 [00:00<?, ?it/s]
                                                           

Training epoch 252:   0%|          | 0/25 [00:00<?, ?it/s]
Training epoch 252:  12%|█▏        | 3/25 [00:01<00:08,  2.45it/s, loss=2.36e-5]
Training epoch 252:  24%|██▍       | 6/25 [00:02<00:07,  2.56it/s, loss=2.15e-5]
Training epoch 252:  36%|███▌      | 9/25 [00:03<00:06,  2.59it/s, loss=2.56e-5]
Training epoch 252:  48%|████▊     | 12/25 [00:04<00:04,  2.61it/s, loss=2.58e-5]
Training epoch 252:  60%|██████    | 15/25 [00:05<00:03,  2.62it/s, loss=2.31e-5]
Training epoch 252:  72%|███████▏  | 18/25 [00:06<00:02,  2.62it/s, loss=2.18e-5]
Training epoch 252:  84%|████████▍ | 21/25 [00:08<00:01,  2.63it/s, loss=2.3e-5] 
Training epoch 252:  96%|█████████▌| 24/25 [00:09<00:00,  2.64it/s, loss=2.54e-5]
                                                                                 

Validation epoch 252:   0%|          | 0/5 [00:00<?, ?it/s]
                                                           

Training epoch 253:   0%|          | 0/25 [00:00<?, ?it/s]
Training epoch 253:  12%|█▏        | 3/25 [00:01<00:08,  2.58it/s, loss=2.24e-5]
Training epoch 253:  24%|██▍       | 6/25 [00:02<00:07,  2.69it/s, loss=2.35e-5]
Training epoch 253:  36%|███▌      | 9/25 [00:03<00:06,  2.65it/s, loss=2.05e-5]
Training epoch 253:  48%|████▊     | 12/25 [00:04<00:05,  2.49it/s, loss=2.17e-5]
Training epoch 253:  60%|██████    | 15/25 [00:05<00:03,  2.51it/s, loss=2.25e-5]
Training epoch 253:  72%|███████▏  | 18/25 [00:07<00:02,  2.53it/s, loss=2.64e-5]
Training epoch 253:  84%|████████▍ | 21/25 [00:08<00:01,  2.54it/s, loss=2.64e-5]
Training epoch 253:  96%|█████████▌| 24/25 [00:09<00:00,  2.54it/s, loss=2.17e-5]
                                                                                 

Validation epoch 253:   0%|          | 0/5 [00:00<?, ?it/s]
                                                           

Training epoch 254:   0%|          | 0/25 [00:00<?, ?it/s]
Training epoch 254:  12%|█▏        | 3/25 [00:01<00:08,  2.54it/s, loss=2.3e-5]
Training epoch 254:  24%|██▍       | 6/25 [00:02<00:07,  2.69it/s, loss=2.16e-5]
Training epoch 254:  36%|███▌      | 9/25 [00:03<00:05,  2.74it/s, loss=2.51e-5]
Training epoch 254:  48%|████▊     | 12/25 [00:04<00:04,  2.76it/s, loss=2.09e-5]
Training epoch 254:  60%|██████    | 15/25 [00:05<00:03,  2.71it/s, loss=2.32e-5]
Training epoch 254:  72%|███████▏  | 18/25 [00:06<00:02,  2.67it/s, loss=2.4e-5] 
Training epoch 254:  84%|████████▍ | 21/25 [00:07<00:01,  2.65it/s, loss=2.13e-5]
Training epoch 254:  96%|█████████▌| 24/25 [00:08<00:00,  2.64it/s, loss=2.26e-5]
                                                                                 

Validation epoch 254:   0%|          | 0/5 [00:00<?, ?it/s]
                                                           

Training epoch 255:   0%|          | 0/25 [00:00<?, ?it/s]
Training epoch 255:  12%|█▏        | 3/25 [00:01<00:08,  2.55it/s, loss=2.18e-5]
Training epoch 255:  24%|██▍       | 6/25 [00:02<00:07,  2.66it/s, loss=2.37e-5]
Training epoch 255:  36%|███▌      | 9/25 [00:03<00:05,  2.71it/s, loss=2.35e-5]
Training epoch 255:  48%|████▊     | 12/25 [00:04<00:04,  2.71it/s, loss=2.59e-5]
Training epoch 255:  60%|██████    | 15/25 [00:05<00:03,  2.70it/s, loss=2.28e-5]
Training epoch 255:  72%|███████▏  | 18/25 [00:06<00:02,  2.68it/s, loss=2.41e-5]
Training epoch 255:  84%|████████▍ | 21/25 [00:07<00:01,  2.68it/s, loss=2.43e-5]
Training epoch 255:  96%|█████████▌| 24/25 [00:08<00:00,  2.67it/s, loss=2.5e-5] 
                                                                                

Validation epoch 255:   0%|          | 0/5 [00:00<?, ?it/s]
                                                           

Training epoch 256:   0%|          | 0/25 [00:00<?, ?it/s]
Training epoch 256:  12%|█▏        | 3/25 [00:01<00:08,  2.46it/s, loss=2.35e-5]
Training epoch 256:  24%|██▍       | 6/25 [00:02<00:07,  2.58it/s, loss=2.51e-5]
Training epoch 256:  36%|███▌      | 9/25 [00:03<00:06,  2.62it/s, loss=2.1e-5] 
Training epoch 256:  48%|████▊     | 12/25 [00:04<00:04,  2.64it/s, loss=2.58e-5]
Training epoch 256:  60%|██████    | 15/25 [00:05<00:03,  2.65it/s, loss=2.32e-5]
Training epoch 256:  72%|███████▏  | 18/25 [00:06<00:02,  2.65it/s, loss=2.1e-5] 
Training epoch 256:  84%|████████▍ | 21/25 [00:07<00:01,  2.66it/s, loss=2.23e-5]
Training epoch 256:  96%|█████████▌| 24/25 [00:09<00:00,  2.66it/s, loss=2.13e-5]
                                                                                 

Validation epoch 256:   0%|          | 0/5 [00:00<?, ?it/s]
                                                           

Training epoch 257:   0%|          | 0/25 [00:00<?, ?it/s]
Training epoch 257:  12%|█▏        | 3/25 [00:01<00:08,  2.58it/s, loss=2.7e-5]
Training epoch 257:  24%|██▍       | 6/25 [00:02<00:07,  2.69it/s, loss=2.4e-5]
Training epoch 257:  36%|███▌      | 9/25 [00:03<00:06,  2.58it/s, loss=2.64e-5]
Training epoch 257:  48%|████▊     | 12/25 [00:04<00:05,  2.48it/s, loss=2.13e-5]
Training epoch 257:  60%|██████    | 15/25 [00:05<00:03,  2.52it/s, loss=2.5e-5] 
Training epoch 257:  72%|███████▏  | 18/25 [00:07<00:02,  2.54it/s, loss=2.4e-5]
Training epoch 257:  84%|████████▍ | 21/25 [00:08<00:01,  2.55it/s, loss=2.37e-5]
Training epoch 257:  96%|█████████▌| 24/25 [00:09<00:00,  2.57it/s, loss=2.6e-5] 
                                                                                

Validation epoch 257:   0%|          | 0/5 [00:00<?, ?it/s]
                                                           

Training epoch 258:   0%|          | 0/25 [00:00<?, ?it/s]
Training epoch 258:  12%|█▏        | 3/25 [00:01<00:08,  2.57it/s, loss=2.4e-5]
Training epoch 258:  24%|██▍       | 6/25 [00:02<00:07,  2.70it/s, loss=2.54e-5]
Training epoch 258:  36%|███▌      | 9/25 [00:03<00:06,  2.64it/s, loss=2.14e-5]
Training epoch 258:  48%|████▊     | 12/25 [00:04<00:05,  2.57it/s, loss=2.33e-5]
Training epoch 258:  60%|██████    | 15/25 [00:05<00:03,  2.53it/s, loss=2.25e-5]
Training epoch 258:  72%|███████▏  | 18/25 [00:07<00:02,  2.51it/s, loss=3.11e-5]
Training epoch 258:  84%|████████▍ | 21/25 [00:08<00:01,  2.52it/s, loss=2.06e-5]
Training epoch 258:  96%|█████████▌| 24/25 [00:09<00:00,  2.56it/s, loss=2.42e-5]
                                                                                 

Validation epoch 258:   0%|          | 0/5 [00:00<?, ?it/s]
                                                           

Training epoch 259:   0%|          | 0/25 [00:00<?, ?it/s]
Training epoch 259:  12%|█▏        | 3/25 [00:01<00:08,  2.49it/s, loss=2.13e-5]
Training epoch 259:  24%|██▍       | 6/25 [00:02<00:07,  2.59it/s, loss=2.2e-5] 
Training epoch 259:  36%|███▌      | 9/25 [00:03<00:06,  2.63it/s, loss=2.44e-5]
Training epoch 259:  48%|████▊     | 12/25 [00:04<00:04,  2.65it/s, loss=2.31e-5]
Training epoch 259:  60%|██████    | 15/25 [00:05<00:03,  2.66it/s, loss=2.15e-5]
Training epoch 259:  72%|███████▏  | 18/25 [00:06<00:02,  2.66it/s, loss=2.51e-5]
Training epoch 259:  84%|████████▍ | 21/25 [00:07<00:01,  2.67it/s, loss=2.28e-5]
Training epoch 259:  96%|█████████▌| 24/25 [00:09<00:00,  2.67it/s, loss=2.56e-5]
                                                                                 

Validation epoch 259:   0%|          | 0/5 [00:00<?, ?it/s]
                                                           

Training epoch 260:   0%|          | 0/25 [00:00<?, ?it/s]
Training epoch 260:  12%|█▏        | 3/25 [00:01<00:08,  2.58it/s, loss=2.21e-5]
Training epoch 260:  24%|██▍       | 6/25 [00:02<00:07,  2.70it/s, loss=2.81e-5]
Training epoch 260:  36%|███▌      | 9/25 [00:03<00:05,  2.69it/s, loss=1.91e-5]
Training epoch 260:  48%|████▊     | 12/25 [00:04<00:04,  2.67it/s, loss=2.7e-5]
Training epoch 260:  60%|██████    | 15/25 [00:05<00:03,  2.66it/s, loss=1.96e-5]
Training epoch 260:  72%|███████▏  | 18/25 [00:06<00:02,  2.66it/s, loss=2.04e-5]
Training epoch 260:  84%|████████▍ | 21/25 [00:07<00:01,  2.65it/s, loss=2.22e-5]
Training epoch 260:  96%|█████████▌| 24/25 [00:09<00:00,  2.65it/s, loss=2.37e-5]
                                                                                 

Validation epoch 260:   0%|          | 0/5 [00:00<?, ?it/s]
                                                           

Training epoch 261:   0%|          | 0/25 [00:00<?, ?it/s]
Training epoch 261:  12%|█▏        | 3/25 [00:01<00:08,  2.57it/s, loss=2.42e-5]
Training epoch 261:  24%|██▍       | 6/25 [00:02<00:07,  2.70it/s, loss=2.19e-5]
Training epoch 261:  36%|███▌      | 9/25 [00:03<00:06,  2.61it/s, loss=2.28e-5]
Training epoch 261:  48%|████▊     | 12/25 [00:04<00:05,  2.56it/s, loss=2.4e-5]
Training epoch 261:  60%|██████    | 15/25 [00:05<00:03,  2.54it/s, loss=2.09e-5]
Training epoch 261:  72%|███████▏  | 18/25 [00:07<00:02,  2.53it/s, loss=1.95e-5]
Training epoch 261:  84%|████████▍ | 21/25 [00:08<00:01,  2.52it/s, loss=2.37e-5]
Training epoch 261:  96%|█████████▌| 24/25 [00:09<00:00,  2.51it/s, loss=2.43e-5]
                                                                                 

Validation epoch 261:   0%|          | 0/5 [00:00<?, ?it/s]
                                                           

Training epoch 262:   0%|          | 0/25 [00:00<?, ?it/s]
Training epoch 262:  12%|█▏        | 3/25 [00:01<00:08,  2.58it/s, loss=2.26e-5]
Training epoch 262:  24%|██▍       | 6/25 [00:02<00:07,  2.70it/s, loss=2.24e-5]
Training epoch 262:  36%|███▌      | 9/25 [00:03<00:05,  2.67it/s, loss=2.41e-5]
Training epoch 262:  48%|████▊     | 12/25 [00:04<00:04,  2.65it/s, loss=2.2e-5]
Training epoch 262:  60%|██████    | 15/25 [00:05<00:03,  2.63it/s, loss=2.47e-5]
Training epoch 262:  72%|███████▏  | 18/25 [00:06<00:02,  2.63it/s, loss=2.29e-5]
Training epoch 262:  84%|████████▍ | 21/25 [00:07<00:01,  2.62it/s, loss=2.44e-5]
Training epoch 262:  96%|█████████▌| 24/25 [00:09<00:00,  2.62it/s, loss=2.32e-5]
                                                                                 

Validation epoch 262:   0%|          | 0/5 [00:00<?, ?it/s]
                                                           

Training epoch 263:   0%|          | 0/25 [00:00<?, ?it/s]
Training epoch 263:  12%|█▏        | 3/25 [00:01<00:08,  2.53it/s, loss=2.23e-5]
Training epoch 263:  24%|██▍       | 6/25 [00:02<00:07,  2.65it/s, loss=2.15e-5]
Training epoch 263:  36%|███▌      | 9/25 [00:03<00:05,  2.70it/s, loss=2.37e-5]
Training epoch 263:  48%|████▊     | 12/25 [00:04<00:04,  2.71it/s, loss=2.14e-5]
Training epoch 263:  60%|██████    | 15/25 [00:05<00:03,  2.66it/s, loss=2.4e-5] 
Training epoch 263:  72%|███████▏  | 18/25 [00:06<00:02,  2.63it/s, loss=2.08e-5]
Training epoch 263:  84%|████████▍ | 21/25 [00:07<00:01,  2.61it/s, loss=2.27e-5]
Training epoch 263:  96%|█████████▌| 24/25 [00:09<00:00,  2.60it/s, loss=2.11e-5]
                                                                                 

Validation epoch 263:   0%|          | 0/5 [00:00<?, ?it/s]
                                                           

Training epoch 264:   0%|          | 0/25 [00:00<?, ?it/s]
Training epoch 264:  12%|█▏        | 3/25 [00:01<00:09,  2.40it/s, loss=2.37e-5]
Training epoch 264:  24%|██▍       | 6/25 [00:02<00:07,  2.50it/s, loss=2.59e-5]
Training epoch 264:  36%|███▌      | 9/25 [00:03<00:06,  2.54it/s, loss=2.61e-5]
Training epoch 264:  48%|████▊     | 12/25 [00:04<00:05,  2.55it/s, loss=2.21e-5]
Training epoch 264:  60%|██████    | 15/25 [00:05<00:03,  2.56it/s, loss=2.43e-5]
Training epoch 264:  72%|███████▏  | 18/25 [00:07<00:02,  2.57it/s, loss=2.25e-5]
Training epoch 264:  84%|████████▍ | 21/25 [00:08<00:01,  2.57it/s, loss=2.1e-5] 
Training epoch 264:  96%|█████████▌| 24/25 [00:09<00:00,  2.57it/s, loss=2.22e-5]
                                                                                 

Validation epoch 264:   0%|          | 0/5 [00:00<?, ?it/s]
                                                           

Training epoch 265:   0%|          | 0/25 [00:00<?, ?it/s]
Training epoch 265:  12%|█▏        | 3/25 [00:01<00:08,  2.55it/s, loss=2.36e-5]
Training epoch 265:  24%|██▍       | 6/25 [00:02<00:07,  2.65it/s, loss=2.21e-5]
Training epoch 265:  36%|███▌      | 9/25 [00:03<00:05,  2.69it/s, loss=2.28e-5]
Training epoch 265:  48%|████▊     | 12/25 [00:04<00:04,  2.70it/s, loss=1.93e-5]
Training epoch 265:  60%|██████    | 15/25 [00:05<00:03,  2.71it/s, loss=2.32e-5]
Training epoch 265:  72%|███████▏  | 18/25 [00:06<00:02,  2.72it/s, loss=2.4e-5] 
Training epoch 265:  84%|████████▍ | 21/25 [00:07<00:01,  2.72it/s, loss=2.79e-5]
Training epoch 265:  96%|█████████▌| 24/25 [00:08<00:00,  2.72it/s, loss=2.22e-5]
                                                                                 

Validation epoch 265:   0%|          | 0/5 [00:00<?, ?it/s]
                                                           

Training epoch 266:   0%|          | 0/25 [00:00<?, ?it/s]
Training epoch 266:  12%|█▏        | 3/25 [00:01<00:09,  2.32it/s, loss=2.16e-5]
Training epoch 266:  24%|██▍       | 6/25 [00:02<00:07,  2.39it/s, loss=2.18e-5]
Training epoch 266:  36%|███▌      | 9/25 [00:03<00:06,  2.42it/s, loss=2.66e-5]
Training epoch 266:  48%|████▊     | 12/25 [00:04<00:05,  2.44it/s, loss=1.83e-5]
Training epoch 266:  60%|██████    | 15/25 [00:06<00:04,  2.44it/s, loss=2.06e-5]
Training epoch 266:  72%|███████▏  | 18/25 [00:07<00:02,  2.45it/s, loss=2.2e-5] 
Training epoch 266:  84%|████████▍ | 21/25 [00:08<00:01,  2.45it/s, loss=2.32e-5]
Training epoch 266:  96%|█████████▌| 24/25 [00:09<00:00,  2.46it/s, loss=2.05e-5]
                                                                                 

Validation epoch 266:   0%|          | 0/5 [00:00<?, ?it/s]
                                                           

Training epoch 267:   0%|          | 0/25 [00:00<?, ?it/s]
Training epoch 267:  12%|█▏        | 3/25 [00:01<00:08,  2.47it/s, loss=2.19e-5]
Training epoch 267:  24%|██▍       | 6/25 [00:02<00:07,  2.58it/s, loss=2.59e-5]
Training epoch 267:  36%|███▌      | 9/25 [00:03<00:06,  2.62it/s, loss=2.36e-5]
Training epoch 267:  48%|████▊     | 12/25 [00:04<00:04,  2.64it/s, loss=1.97e-5]
Training epoch 267:  60%|██████    | 15/25 [00:05<00:03,  2.64it/s, loss=2.24e-5]
Training epoch 267:  72%|███████▏  | 18/25 [00:06<00:02,  2.65it/s, loss=2.03e-5]
Training epoch 267:  84%|████████▍ | 21/25 [00:07<00:01,  2.65it/s, loss=1.98e-5]
Training epoch 267:  96%|█████████▌| 24/25 [00:09<00:00,  2.65it/s, loss=2.19e-5]
                                                                                 

Validation epoch 267:   0%|          | 0/5 [00:00<?, ?it/s]
                                                           

Training epoch 268:   0%|          | 0/25 [00:00<?, ?it/s]
Training epoch 268:  12%|█▏        | 3/25 [00:01<00:08,  2.51it/s, loss=2.66e-5]
Training epoch 268:  24%|██▍       | 6/25 [00:02<00:07,  2.64it/s, loss=2.66e-5]
Training epoch 268:  36%|███▌      | 9/25 [00:03<00:05,  2.68it/s, loss=2.42e-5]
Training epoch 268:  48%|████▊     | 12/25 [00:04<00:04,  2.69it/s, loss=2.37e-5]
Training epoch 268:  60%|██████    | 15/25 [00:05<00:03,  2.68it/s, loss=2.39e-5]
Training epoch 268:  72%|███████▏  | 18/25 [00:06<00:02,  2.68it/s, loss=2.44e-5]
Training epoch 268:  84%|████████▍ | 21/25 [00:07<00:01,  2.67it/s, loss=1.97e-5]
Training epoch 268:  96%|█████████▌| 24/25 [00:08<00:00,  2.67it/s, loss=2.24e-5]
                                                                                 

Validation epoch 268:   0%|          | 0/5 [00:00<?, ?it/s]
                                                           

Training epoch 269:   0%|          | 0/25 [00:00<?, ?it/s]
Training epoch 269:  12%|█▏        | 3/25 [00:01<00:09,  2.34it/s, loss=2.25e-5]
Training epoch 269:  24%|██▍       | 6/25 [00:02<00:07,  2.43it/s, loss=2.16e-5]
Training epoch 269:  36%|███▌      | 9/25 [00:03<00:06,  2.46it/s, loss=2.1e-5] 
Training epoch 269:  48%|████▊     | 12/25 [00:04<00:05,  2.47it/s, loss=2.47e-5]
Training epoch 269:  60%|██████    | 15/25 [00:06<00:04,  2.48it/s, loss=2.23e-5]
Training epoch 269:  72%|███████▏  | 18/25 [00:07<00:02,  2.48it/s, loss=2.32e-5]
Training epoch 269:  84%|████████▍ | 21/25 [00:08<00:01,  2.49it/s, loss=2.59e-5]
Training epoch 269:  96%|█████████▌| 24/25 [00:09<00:00,  2.49it/s, loss=2.59e-5]
                                                                                 

Validation epoch 269:   0%|          | 0/5 [00:00<?, ?it/s]
                                                           

Training epoch 270:   0%|          | 0/25 [00:00<?, ?it/s]
Training epoch 270:  12%|█▏        | 3/25 [00:01<00:08,  2.57it/s, loss=2.65e-5]
Training epoch 270:  24%|██▍       | 6/25 [00:02<00:07,  2.70it/s, loss=2.33e-5]
Training epoch 270:  36%|███▌      | 9/25 [00:03<00:05,  2.74it/s, loss=2.35e-5]
Training epoch 270:  48%|████▊     | 12/25 [00:04<00:04,  2.70it/s, loss=2.15e-5]
Training epoch 270:  60%|██████    | 15/25 [00:05<00:03,  2.66it/s, loss=2.28e-5]
Training epoch 270:  72%|███████▏  | 18/25 [00:06<00:02,  2.64it/s, loss=2.21e-5]
Training epoch 270:  84%|████████▍ | 21/25 [00:07<00:01,  2.63it/s, loss=2.72e-5]
Training epoch 270:  96%|█████████▌| 24/25 [00:09<00:00,  2.62it/s, loss=2.28e-5]
                                                                                 

Validation epoch 270:   0%|          | 0/5 [00:00<?, ?it/s]
                                                           

Training epoch 271:   0%|          | 0/25 [00:00<?, ?it/s]
Training epoch 271:  12%|█▏        | 3/25 [00:01<00:09,  2.43it/s, loss=2.43e-5]
Training epoch 271:  24%|██▍       | 6/25 [00:02<00:07,  2.53it/s, loss=2.34e-5]
Training epoch 271:  36%|███▌      | 9/25 [00:03<00:06,  2.56it/s, loss=2.33e-5]
Training epoch 271:  48%|████▊     | 12/25 [00:04<00:05,  2.57it/s, loss=2.5e-5]
Training epoch 271:  60%|██████    | 15/25 [00:05<00:03,  2.58it/s, loss=2.51e-5]
Training epoch 271:  72%|███████▏  | 18/25 [00:07<00:02,  2.59it/s, loss=2.41e-5]
Training epoch 271:  84%|████████▍ | 21/25 [00:08<00:01,  2.60it/s, loss=2.47e-5]
Training epoch 271:  96%|█████████▌| 24/25 [00:09<00:00,  2.59it/s, loss=2.38e-5]
                                                                                 

Validation epoch 271:   0%|          | 0/5 [00:00<?, ?it/s]
                                                           

Training epoch 272:   0%|          | 0/25 [00:00<?, ?it/s]
Training epoch 272:  12%|█▏        | 3/25 [00:01<00:09,  2.41it/s, loss=2.43e-5]
Training epoch 272:  24%|██▍       | 6/25 [00:02<00:07,  2.51it/s, loss=2.35e-5]
Training epoch 272:  36%|███▌      | 9/25 [00:03<00:06,  2.55it/s, loss=2.09e-5]
Training epoch 272:  48%|████▊     | 12/25 [00:04<00:05,  2.57it/s, loss=2.53e-5]
Training epoch 272:  60%|██████    | 15/25 [00:05<00:03,  2.58it/s, loss=2.23e-5]
Training epoch 272:  72%|███████▏  | 18/25 [00:07<00:02,  2.59it/s, loss=2.12e-5]
Training epoch 272:  84%|████████▍ | 21/25 [00:08<00:01,  2.59it/s, loss=2.3e-5] 
Training epoch 272:  96%|█████████▌| 24/25 [00:09<00:00,  2.60it/s, loss=2.46e-5]
                                                                                 

Validation epoch 272:   0%|          | 0/5 [00:00<?, ?it/s]
                                                           

Training epoch 273:   0%|          | 0/25 [00:00<?, ?it/s]
Training epoch 273:  12%|█▏        | 3/25 [00:01<00:08,  2.54it/s, loss=2.44e-5]
Training epoch 273:  24%|██▍       | 6/25 [00:02<00:07,  2.65it/s, loss=2.4e-5] 
Training epoch 273:  36%|███▌      | 9/25 [00:03<00:05,  2.70it/s, loss=2.01e-5]
Training epoch 273:  48%|████▊     | 12/25 [00:04<00:04,  2.71it/s, loss=2.06e-5]
Training epoch 273:  60%|██████    | 15/25 [00:05<00:03,  2.72it/s, loss=2.45e-5]
Training epoch 273:  72%|███████▏  | 18/25 [00:06<00:02,  2.71it/s, loss=2.34e-5]
Training epoch 273:  84%|████████▍ | 21/25 [00:07<00:01,  2.67it/s, loss=2.5e-5] 
Training epoch 273:  96%|█████████▌| 24/25 [00:08<00:00,  2.64it/s, loss=2.11e-5]
                                                                                 

Validation epoch 273:   0%|          | 0/5 [00:00<?, ?it/s]
                                                           

Training epoch 274:   0%|          | 0/25 [00:00<?, ?it/s]
Training epoch 274:  12%|█▏        | 3/25 [00:01<00:09,  2.40it/s, loss=2.16e-5]
Training epoch 274:  24%|██▍       | 6/25 [00:02<00:07,  2.50it/s, loss=2.21e-5]
Training epoch 274:  36%|███▌      | 9/25 [00:03<00:06,  2.54it/s, loss=2.06e-5]
Training epoch 274:  48%|████▊     | 12/25 [00:04<00:05,  2.56it/s, loss=2.27e-5]
Training epoch 274:  60%|██████    | 15/25 [00:05<00:03,  2.56it/s, loss=2.01e-5]
Training epoch 274:  72%|███████▏  | 18/25 [00:07<00:02,  2.57it/s, loss=2.74e-5]
Training epoch 274:  84%|████████▍ | 21/25 [00:08<00:01,  2.58it/s, loss=2.4e-5] 
Training epoch 274:  96%|█████████▌| 24/25 [00:09<00:00,  2.58it/s, loss=2.66e-5]
                                                                                 

Validation epoch 274:   0%|          | 0/5 [00:00<?, ?it/s]
                                                           

Training epoch 275:   0%|          | 0/25 [00:00<?, ?it/s]
Training epoch 275:  12%|█▏        | 3/25 [00:01<00:09,  2.40it/s, loss=1.93e-5]
Training epoch 275:  24%|██▍       | 6/25 [00:02<00:07,  2.51it/s, loss=2.47e-5]
Training epoch 275:  36%|███▌      | 9/25 [00:03<00:06,  2.54it/s, loss=2.71e-5]
Training epoch 275:  48%|████▊     | 12/25 [00:04<00:05,  2.56it/s, loss=2.48e-5]
Training epoch 275:  60%|██████    | 15/25 [00:05<00:03,  2.57it/s, loss=2.41e-5]
Training epoch 275:  72%|███████▏  | 18/25 [00:07<00:02,  2.57it/s, loss=2.28e-5]
Training epoch 275:  84%|████████▍ | 21/25 [00:08<00:01,  2.58it/s, loss=2.25e-5]
Training epoch 275:  96%|█████████▌| 24/25 [00:09<00:00,  2.58it/s, loss=2.26e-5]
                                                                                 

Validation epoch 275:   0%|          | 0/5 [00:00<?, ?it/s]
                                                           

Training epoch 276:   0%|          | 0/25 [00:00<?, ?it/s]
Training epoch 276:  12%|█▏        | 3/25 [00:01<00:08,  2.54it/s, loss=2.36e-5]
Training epoch 276:  24%|██▍       | 6/25 [00:02<00:07,  2.65it/s, loss=2.18e-5]
Training epoch 276:  36%|███▌      | 9/25 [00:03<00:05,  2.69it/s, loss=2.41e-5]
Training epoch 276:  48%|████▊     | 12/25 [00:04<00:04,  2.70it/s, loss=2.44e-5]
Training epoch 276:  60%|██████    | 15/25 [00:05<00:03,  2.71it/s, loss=2.14e-5]
Training epoch 276:  72%|███████▏  | 18/25 [00:06<00:02,  2.72it/s, loss=2.33e-5]
Training epoch 276:  84%|████████▍ | 21/25 [00:07<00:01,  2.73it/s, loss=2.49e-5]
Training epoch 276:  96%|█████████▌| 24/25 [00:08<00:00,  2.73it/s, loss=2.59e-5]
                                                                                 

Validation epoch 276:   0%|          | 0/5 [00:00<?, ?it/s]
                                                           

Training epoch 277:   0%|          | 0/25 [00:00<?, ?it/s]
Training epoch 277:  12%|█▏        | 3/25 [00:01<00:08,  2.45it/s, loss=2.2e-5]
Training epoch 277:  24%|██▍       | 6/25 [00:02<00:07,  2.55it/s, loss=2.19e-5]
Training epoch 277:  36%|███▌      | 9/25 [00:03<00:06,  2.59it/s, loss=2.25e-5]
Training epoch 277:  48%|████▊     | 12/25 [00:04<00:04,  2.60it/s, loss=2.29e-5]
Training epoch 277:  60%|██████    | 15/25 [00:05<00:03,  2.61it/s, loss=2.44e-5]
Training epoch 277:  72%|███████▏  | 18/25 [00:06<00:02,  2.61it/s, loss=2.58e-5]
Training epoch 277:  84%|████████▍ | 21/25 [00:08<00:01,  2.62it/s, loss=2.43e-5]
Training epoch 277:  96%|█████████▌| 24/25 [00:09<00:00,  2.62it/s, loss=2.26e-5]
                                                                                 

Validation epoch 277:   0%|          | 0/5 [00:00<?, ?it/s]
                                                           

Training epoch 278:   0%|          | 0/25 [00:00<?, ?it/s]
Training epoch 278:  12%|█▏        | 3/25 [00:01<00:09,  2.43it/s, loss=2.48e-5]
Training epoch 278:  24%|██▍       | 6/25 [00:02<00:07,  2.54it/s, loss=2.21e-5]
Training epoch 278:  36%|███▌      | 9/25 [00:03<00:06,  2.58it/s, loss=2.57e-5]
Training epoch 278:  48%|████▊     | 12/25 [00:04<00:05,  2.60it/s, loss=2.45e-5]
Training epoch 278:  60%|██████    | 15/25 [00:05<00:03,  2.61it/s, loss=1.87e-5]
Training epoch 278:  72%|███████▏  | 18/25 [00:06<00:02,  2.62it/s, loss=2.21e-5]
Training epoch 278:  84%|████████▍ | 21/25 [00:08<00:01,  2.62it/s, loss=2.31e-5]
Training epoch 278:  96%|█████████▌| 24/25 [00:09<00:00,  2.62it/s, loss=2.33e-5]
                                                                                 

Validation epoch 278:   0%|          | 0/5 [00:00<?, ?it/s]
                                                           

Training epoch 279:   0%|          | 0/25 [00:00<?, ?it/s]
Training epoch 279:  12%|█▏        | 3/25 [00:01<00:09,  2.44it/s, loss=2.08e-5]
Training epoch 279:  24%|██▍       | 6/25 [00:02<00:07,  2.54it/s, loss=2.47e-5]
Training epoch 279:  36%|███▌      | 9/25 [00:03<00:06,  2.58it/s, loss=2.4e-5] 
Training epoch 279:  48%|████▊     | 12/25 [00:04<00:05,  2.60it/s, loss=2.39e-5]
Training epoch 279:  60%|██████    | 15/25 [00:05<00:03,  2.61it/s, loss=2.22e-5]
Training epoch 279:  72%|███████▏  | 18/25 [00:06<00:02,  2.61it/s, loss=2.38e-5]
Training epoch 279:  84%|████████▍ | 21/25 [00:08<00:01,  2.62it/s, loss=2.29e-5]
Training epoch 279:  96%|█████████▌| 24/25 [00:09<00:00,  2.62it/s, loss=2.43e-5]
                                                                                 

Validation epoch 279:   0%|          | 0/5 [00:00<?, ?it/s]
                                                           

Training epoch 280:   0%|          | 0/25 [00:00<?, ?it/s]
Training epoch 280:  12%|█▏        | 3/25 [00:01<00:09,  2.42it/s, loss=2.2e-5]
Training epoch 280:  24%|██▍       | 6/25 [00:02<00:07,  2.54it/s, loss=2.29e-5]
Training epoch 280:  36%|███▌      | 9/25 [00:03<00:06,  2.58it/s, loss=2.32e-5]
Training epoch 280:  48%|████▊     | 12/25 [00:04<00:05,  2.60it/s, loss=2.23e-5]
Training epoch 280:  60%|██████    | 15/25 [00:05<00:03,  2.61it/s, loss=2.22e-5]
Training epoch 280:  72%|███████▏  | 18/25 [00:06<00:02,  2.62it/s, loss=2.36e-5]
Training epoch 280:  84%|████████▍ | 21/25 [00:08<00:01,  2.62it/s, loss=2.29e-5]
Training epoch 280:  96%|█████████▌| 24/25 [00:09<00:00,  2.62it/s, loss=2.39e-5]
                                                                                 

Validation epoch 280:   0%|          | 0/5 [00:00<?, ?it/s]
                                                           

Training epoch 281:   0%|          | 0/25 [00:00<?, ?it/s]
Training epoch 281:  12%|█▏        | 3/25 [00:01<00:09,  2.44it/s, loss=2.15e-5]
Training epoch 281:  24%|██▍       | 6/25 [00:02<00:07,  2.55it/s, loss=2.2e-5] 
Training epoch 281:  36%|███▌      | 9/25 [00:03<00:06,  2.59it/s, loss=2.38e-5]
Training epoch 281:  48%|████▊     | 12/25 [00:04<00:04,  2.60it/s, loss=2.11e-5]
Training epoch 281:  60%|██████    | 15/25 [00:05<00:03,  2.61it/s, loss=2.72e-5]
Training epoch 281:  72%|███████▏  | 18/25 [00:06<00:02,  2.62it/s, loss=2.39e-5]
Training epoch 281:  84%|████████▍ | 21/25 [00:08<00:01,  2.62it/s, loss=2.46e-5]
Training epoch 281:  96%|█████████▌| 24/25 [00:09<00:00,  2.62it/s, loss=2.38e-5]
                                                                                 

Validation epoch 281:   0%|          | 0/5 [00:00<?, ?it/s]
                                                           

Training epoch 282:   0%|          | 0/25 [00:00<?, ?it/s]
Training epoch 282:  12%|█▏        | 3/25 [00:01<00:09,  2.44it/s, loss=2.02e-5]
Training epoch 282:  24%|██▍       | 6/25 [00:02<00:07,  2.55it/s, loss=2.21e-5]
Training epoch 282:  36%|███▌      | 9/25 [00:03<00:06,  2.59it/s, loss=2.32e-5]
Training epoch 282:  48%|████▊     | 12/25 [00:04<00:04,  2.60it/s, loss=2e-5]  
Training epoch 282:  60%|██████    | 15/25 [00:05<00:03,  2.61it/s, loss=2.19e-5]
Training epoch 282:  72%|███████▏  | 18/25 [00:06<00:02,  2.62it/s, loss=2.29e-5]
Training epoch 282:  84%|████████▍ | 21/25 [00:08<00:01,  2.63it/s, loss=2.4e-5] 
Training epoch 282:  96%|█████████▌| 24/25 [00:09<00:00,  2.63it/s, loss=2e-5]  
                                                                              

Validation epoch 282:   0%|          | 0/5 [00:00<?, ?it/s]
                                                           

Training epoch 283:   0%|          | 0/25 [00:00<?, ?it/s]
Training epoch 283:  12%|█▏        | 3/25 [00:01<00:09,  2.44it/s, loss=2.57e-5]
Training epoch 283:  24%|██▍       | 6/25 [00:02<00:07,  2.55it/s, loss=2.28e-5]
Training epoch 283:  36%|███▌      | 9/25 [00:03<00:06,  2.59it/s, loss=2.47e-5]
Training epoch 283:  48%|████▊     | 12/25 [00:04<00:04,  2.60it/s, loss=2.33e-5]
Training epoch 283:  60%|██████    | 15/25 [00:05<00:03,  2.61it/s, loss=2.48e-5]
Training epoch 283:  72%|███████▏  | 18/25 [00:06<00:02,  2.62it/s, loss=2.36e-5]
Training epoch 283:  84%|████████▍ | 21/25 [00:08<00:01,  2.62it/s, loss=2.4e-5] 
Training epoch 283:  96%|█████████▌| 24/25 [00:09<00:00,  2.63it/s, loss=2.07e-5]
                                                                                 

Validation epoch 283:   0%|          | 0/5 [00:00<?, ?it/s]
                                                           

Training epoch 284:   0%|          | 0/25 [00:00<?, ?it/s]
Training epoch 284:  12%|█▏        | 3/25 [00:01<00:09,  2.43it/s, loss=2.42e-5]
Training epoch 284:  24%|██▍       | 6/25 [00:02<00:07,  2.55it/s, loss=2.34e-5]
Training epoch 284:  36%|███▌      | 9/25 [00:03<00:06,  2.58it/s, loss=2.76e-5]
Training epoch 284:  48%|████▊     | 12/25 [00:04<00:04,  2.60it/s, loss=2.24e-5]
Training epoch 284:  60%|██████    | 15/25 [00:05<00:03,  2.61it/s, loss=2.44e-5]
Training epoch 284:  72%|███████▏  | 18/25 [00:06<00:02,  2.62it/s, loss=2.61e-5]
Training epoch 284:  84%|████████▍ | 21/25 [00:08<00:01,  2.62it/s, loss=2.26e-5]
Training epoch 284:  96%|█████████▌| 24/25 [00:09<00:00,  2.63it/s, loss=2.22e-5]
                                                                                 

Validation epoch 284:   0%|          | 0/5 [00:00<?, ?it/s]
                                                           

Training epoch 285:   0%|          | 0/25 [00:00<?, ?it/s]
Training epoch 285:  12%|█▏        | 3/25 [00:01<00:09,  2.42it/s, loss=1.96e-5]
Training epoch 285:  24%|██▍       | 6/25 [00:02<00:07,  2.54it/s, loss=2.32e-5]
Training epoch 285:  36%|███▌      | 9/25 [00:03<00:06,  2.58it/s, loss=2.26e-5]
Training epoch 285:  48%|████▊     | 12/25 [00:04<00:04,  2.60it/s, loss=2.27e-5]
Training epoch 285:  60%|██████    | 15/25 [00:05<00:03,  2.61it/s, loss=2.61e-5]
Training epoch 285:  72%|███████▏  | 18/25 [00:06<00:02,  2.61it/s, loss=2.23e-5]
Training epoch 285:  84%|████████▍ | 21/25 [00:08<00:01,  2.62it/s, loss=2.57e-5]
Training epoch 285:  96%|█████████▌| 24/25 [00:09<00:00,  2.62it/s, loss=2.28e-5]
                                                                                 

Validation epoch 285:   0%|          | 0/5 [00:00<?, ?it/s]
                                                           

Training epoch 286:   0%|          | 0/25 [00:00<?, ?it/s]
Training epoch 286:  12%|█▏        | 3/25 [00:01<00:09,  2.41it/s, loss=2.21e-5]
Training epoch 286:  24%|██▍       | 6/25 [00:02<00:07,  2.54it/s, loss=2.06e-5]
Training epoch 286:  36%|███▌      | 9/25 [00:03<00:06,  2.58it/s, loss=2.13e-5]
Training epoch 286:  48%|████▊     | 12/25 [00:04<00:05,  2.60it/s, loss=2.05e-5]
Training epoch 286:  60%|██████    | 15/25 [00:05<00:03,  2.61it/s, loss=2.06e-5]
Training epoch 286:  72%|███████▏  | 18/25 [00:06<00:02,  2.62it/s, loss=2.27e-5]
Training epoch 286:  84%|████████▍ | 21/25 [00:08<00:01,  2.62it/s, loss=2.24e-5]
Training epoch 286:  96%|█████████▌| 24/25 [00:09<00:00,  2.63it/s, loss=2.19e-5]
                                                                                 

Validation epoch 286:   0%|          | 0/5 [00:00<?, ?it/s]
                                                           

Training epoch 287:   0%|          | 0/25 [00:00<?, ?it/s]
Training epoch 287:  12%|█▏        | 3/25 [00:01<00:09,  2.44it/s, loss=2.09e-5]
Training epoch 287:  24%|██▍       | 6/25 [00:02<00:07,  2.55it/s, loss=2.28e-5]
Training epoch 287:  36%|███▌      | 9/25 [00:03<00:06,  2.58it/s, loss=2.35e-5]
Training epoch 287:  48%|████▊     | 12/25 [00:04<00:04,  2.60it/s, loss=2.76e-5]
Training epoch 287:  60%|██████    | 15/25 [00:05<00:03,  2.61it/s, loss=2.46e-5]
Training epoch 287:  72%|███████▏  | 18/25 [00:06<00:02,  2.62it/s, loss=2.17e-5]
Training epoch 287:  84%|████████▍ | 21/25 [00:08<00:01,  2.62it/s, loss=2.33e-5]
Training epoch 287:  96%|█████████▌| 24/25 [00:09<00:00,  2.63it/s, loss=2.4e-5] 
                                                                                

Validation epoch 287:   0%|          | 0/5 [00:00<?, ?it/s]
                                                           

Training epoch 288:   0%|          | 0/25 [00:00<?, ?it/s]
Training epoch 288:  12%|█▏        | 3/25 [00:01<00:08,  2.47it/s, loss=2.31e-5]
Training epoch 288:  24%|██▍       | 6/25 [00:02<00:07,  2.57it/s, loss=2.18e-5]
Training epoch 288:  36%|███▌      | 9/25 [00:03<00:06,  2.60it/s, loss=2.31e-5]
Training epoch 288:  48%|████▊     | 12/25 [00:04<00:04,  2.61it/s, loss=2.36e-5]
Training epoch 288:  60%|██████    | 15/25 [00:05<00:03,  2.62it/s, loss=1.93e-5]
Training epoch 288:  72%|███████▏  | 18/25 [00:06<00:02,  2.62it/s, loss=2.4e-5] 
Training epoch 288:  84%|████████▍ | 21/25 [00:08<00:01,  2.63it/s, loss=2.13e-5]
Training epoch 288:  96%|█████████▌| 24/25 [00:09<00:00,  2.63it/s, loss=2.35e-5]
                                                                                 

Validation epoch 288:   0%|          | 0/5 [00:00<?, ?it/s]
                                                           

Training epoch 289:   0%|          | 0/25 [00:00<?, ?it/s]
Training epoch 289:  12%|█▏        | 3/25 [00:01<00:08,  2.55it/s, loss=2.53e-5]
Training epoch 289:  24%|██▍       | 6/25 [00:02<00:07,  2.53it/s, loss=2.08e-5]
Training epoch 289:  36%|███▌      | 9/25 [00:03<00:06,  2.46it/s, loss=2.35e-5]
Training epoch 289:  48%|████▊     | 12/25 [00:04<00:05,  2.43it/s, loss=2.46e-5]
Training epoch 289:  60%|██████    | 15/25 [00:06<00:03,  2.50it/s, loss=2.41e-5]
Training epoch 289:  72%|███████▏  | 18/25 [00:07<00:02,  2.55it/s, loss=2.45e-5]
Training epoch 289:  84%|████████▍ | 21/25 [00:08<00:01,  2.57it/s, loss=2.33e-5]
Training epoch 289:  96%|█████████▌| 24/25 [00:09<00:00,  2.59it/s, loss=2.37e-5]
                                                                                 

Validation epoch 289:   0%|          | 0/5 [00:00<?, ?it/s]
                                                           

Training epoch 290:   0%|          | 0/25 [00:00<?, ?it/s]
Training epoch 290:  12%|█▏        | 3/25 [00:01<00:09,  2.42it/s, loss=2.48e-5]
Training epoch 290:  24%|██▍       | 6/25 [00:02<00:07,  2.53it/s, loss=2.43e-5]
Training epoch 290:  36%|███▌      | 9/25 [00:03<00:06,  2.58it/s, loss=2.39e-5]
Training epoch 290:  48%|████▊     | 12/25 [00:04<00:05,  2.59it/s, loss=2.46e-5]
Training epoch 290:  60%|██████    | 15/25 [00:05<00:03,  2.61it/s, loss=2.24e-5]
Training epoch 290:  72%|███████▏  | 18/25 [00:06<00:02,  2.61it/s, loss=2.25e-5]
Training epoch 290:  84%|████████▍ | 21/25 [00:08<00:01,  2.61it/s, loss=2.45e-5]
Training epoch 290:  96%|█████████▌| 24/25 [00:09<00:00,  2.62it/s, loss=2.01e-5]
                                                                                 

Validation epoch 290:   0%|          | 0/5 [00:00<?, ?it/s]
                                                           

Training epoch 291:   0%|          | 0/25 [00:00<?, ?it/s]
Training epoch 291:  12%|█▏        | 3/25 [00:01<00:08,  2.56it/s, loss=2.45e-5]
Training epoch 291:  24%|██▍       | 6/25 [00:02<00:07,  2.68it/s, loss=2.15e-5]
Training epoch 291:  36%|███▌      | 9/25 [00:03<00:06,  2.63it/s, loss=2.13e-5]
Training epoch 291:  48%|████▊     | 12/25 [00:04<00:05,  2.60it/s, loss=2.54e-5]
Training epoch 291:  60%|██████    | 15/25 [00:05<00:03,  2.58it/s, loss=2.47e-5]
Training epoch 291:  72%|███████▏  | 18/25 [00:06<00:02,  2.57it/s, loss=2.97e-5]
Training epoch 291:  84%|████████▍ | 21/25 [00:08<00:01,  2.57it/s, loss=2.2e-5] 
Training epoch 291:  96%|█████████▌| 24/25 [00:09<00:00,  2.56it/s, loss=2.44e-5]
                                                                                 

Validation epoch 291:   0%|          | 0/5 [00:00<?, ?it/s]
                                                           

Training epoch 292:   0%|          | 0/25 [00:00<?, ?it/s]
Training epoch 292:  12%|█▏        | 3/25 [00:01<00:09,  2.39it/s, loss=2.18e-5]
Training epoch 292:  24%|██▍       | 6/25 [00:02<00:07,  2.48it/s, loss=2.22e-5]
Training epoch 292:  36%|███▌      | 9/25 [00:03<00:06,  2.52it/s, loss=2.12e-5]
Training epoch 292:  48%|████▊     | 12/25 [00:04<00:05,  2.53it/s, loss=2.3e-5]
Training epoch 292:  60%|██████    | 15/25 [00:05<00:03,  2.54it/s, loss=2.32e-5]
Training epoch 292:  72%|███████▏  | 18/25 [00:07<00:02,  2.54it/s, loss=2.47e-5]
Training epoch 292:  84%|████████▍ | 21/25 [00:08<00:01,  2.55it/s, loss=2.22e-5]
Training epoch 292:  96%|█████████▌| 24/25 [00:09<00:00,  2.55it/s, loss=2.04e-5]
                                                                                 

Validation epoch 292:   0%|          | 0/5 [00:00<?, ?it/s]
                                                           

Training epoch 293:   0%|          | 0/25 [00:00<?, ?it/s]
Training epoch 293:  12%|█▏        | 3/25 [00:01<00:08,  2.56it/s, loss=2.11e-5]
Training epoch 293:  24%|██▍       | 6/25 [00:02<00:07,  2.69it/s, loss=2.58e-5]
Training epoch 293:  36%|███▌      | 9/25 [00:03<00:06,  2.66it/s, loss=2.19e-5]
Training epoch 293:  48%|████▊     | 12/25 [00:04<00:05,  2.53it/s, loss=2.47e-5]
Training epoch 293:  60%|██████    | 15/25 [00:05<00:03,  2.54it/s, loss=1.89e-5]
Training epoch 293:  72%|███████▏  | 18/25 [00:07<00:02,  2.54it/s, loss=2.22e-5]
Training epoch 293:  84%|████████▍ | 21/25 [00:08<00:01,  2.55it/s, loss=2.46e-5]
Training epoch 293:  96%|█████████▌| 24/25 [00:09<00:00,  2.55it/s, loss=2.31e-5]
                                                                                 

Validation epoch 293:   0%|          | 0/5 [00:00<?, ?it/s]
                                                           

Training epoch 294:   0%|          | 0/25 [00:00<?, ?it/s]
Training epoch 294:  12%|█▏        | 3/25 [00:01<00:08,  2.61it/s, loss=2.19e-5]
Training epoch 294:  24%|██▍       | 6/25 [00:02<00:06,  2.72it/s, loss=2.43e-5]
Training epoch 294:  36%|███▌      | 9/25 [00:03<00:06,  2.59it/s, loss=2.03e-5]
Training epoch 294:  48%|████▊     | 12/25 [00:04<00:05,  2.55it/s, loss=2.3e-5]
Training epoch 294:  60%|██████    | 15/25 [00:05<00:03,  2.56it/s, loss=2.21e-5]
Training epoch 294:  72%|███████▏  | 18/25 [00:06<00:02,  2.57it/s, loss=2.5e-5] 
Training epoch 294:  84%|████████▍ | 21/25 [00:08<00:01,  2.57it/s, loss=2.03e-5]
Training epoch 294:  96%|█████████▌| 24/25 [00:09<00:00,  2.58it/s, loss=2.24e-5]
                                                                                 

Validation epoch 294:   0%|          | 0/5 [00:00<?, ?it/s]
                                                           

Training epoch 295:   0%|          | 0/25 [00:00<?, ?it/s]
Training epoch 295:  12%|█▏        | 3/25 [00:01<00:08,  2.50it/s, loss=2.33e-5]
Training epoch 295:  24%|██▍       | 6/25 [00:02<00:07,  2.55it/s, loss=2.25e-5]
Training epoch 295:  36%|███▌      | 9/25 [00:03<00:06,  2.57it/s, loss=2.25e-5]
Training epoch 295:  48%|████▊     | 12/25 [00:04<00:05,  2.58it/s, loss=2.61e-5]
Training epoch 295:  60%|██████    | 15/25 [00:05<00:03,  2.62it/s, loss=2.35e-5]
Training epoch 295:  72%|███████▏  | 18/25 [00:06<00:02,  2.67it/s, loss=2.4e-5] 
Training epoch 295:  84%|████████▍ | 21/25 [00:07<00:01,  2.70it/s, loss=2.09e-5]
Training epoch 295:  96%|█████████▌| 24/25 [00:09<00:00,  2.71it/s, loss=2.35e-5]
                                                                                 

Validation epoch 295:   0%|          | 0/5 [00:00<?, ?it/s]
                                                           

Training epoch 296:   0%|          | 0/25 [00:00<?, ?it/s]
Training epoch 296:  12%|█▏        | 3/25 [00:01<00:08,  2.64it/s, loss=2.31e-5]
Training epoch 296:  24%|██▍       | 6/25 [00:02<00:07,  2.71it/s, loss=2.56e-5]
Training epoch 296:  36%|███▌      | 9/25 [00:03<00:05,  2.73it/s, loss=2.4e-5] 
Training epoch 296:  48%|████▊     | 12/25 [00:04<00:04,  2.74it/s, loss=2.36e-5]
Training epoch 296:  60%|██████    | 15/25 [00:05<00:03,  2.75it/s, loss=2.58e-5]
Training epoch 296:  72%|███████▏  | 18/25 [00:06<00:02,  2.75it/s, loss=2.11e-5]
Training epoch 296:  84%|████████▍ | 21/25 [00:07<00:01,  2.75it/s, loss=2.07e-5]
Training epoch 296:  96%|█████████▌| 24/25 [00:08<00:00,  2.75it/s, loss=2.38e-5]
                                                                                 

Validation epoch 296:   0%|          | 0/5 [00:00<?, ?it/s]
                                                           

Training epoch 297:   0%|          | 0/25 [00:00<?, ?it/s]
Training epoch 297:  12%|█▏        | 3/25 [00:01<00:08,  2.70it/s, loss=2.36e-5]
Training epoch 297:  24%|██▍       | 6/25 [00:02<00:06,  2.76it/s, loss=2.51e-5]
Training epoch 297:  36%|███▌      | 9/25 [00:03<00:05,  2.79it/s, loss=2.27e-5]
Training epoch 297:  48%|████▊     | 12/25 [00:04<00:04,  2.80it/s, loss=2.15e-5]
Training epoch 297:  60%|██████    | 15/25 [00:05<00:03,  2.80it/s, loss=2.29e-5]
Training epoch 297:  72%|███████▏  | 18/25 [00:06<00:02,  2.81it/s, loss=2.57e-5]
Training epoch 297:  84%|████████▍ | 21/25 [00:07<00:01,  2.81it/s, loss=1.92e-5]
Training epoch 297:  96%|█████████▌| 24/25 [00:08<00:00,  2.81it/s, loss=2.18e-5]
                                                                                 

Validation epoch 297:   0%|          | 0/5 [00:00<?, ?it/s]
                                                           

Training epoch 298:   0%|          | 0/25 [00:00<?, ?it/s]
Training epoch 298:  12%|█▏        | 3/25 [00:01<00:08,  2.69it/s, loss=2.3e-5]
Training epoch 298:  24%|██▍       | 6/25 [00:02<00:06,  2.76it/s, loss=2.28e-5]
Training epoch 298:  36%|███▌      | 9/25 [00:03<00:05,  2.79it/s, loss=2.46e-5]
Training epoch 298:  48%|████▊     | 12/25 [00:04<00:04,  2.80it/s, loss=2.31e-5]
Training epoch 298:  60%|██████    | 15/25 [00:05<00:03,  2.81it/s, loss=2.22e-5]
Training epoch 298:  72%|███████▏  | 18/25 [00:06<00:02,  2.81it/s, loss=2.36e-5]
Training epoch 298:  84%|████████▍ | 21/25 [00:07<00:01,  2.81it/s, loss=2.26e-5]
Training epoch 298:  96%|█████████▌| 24/25 [00:08<00:00,  2.81it/s, loss=2.18e-5]
                                                                                 

Validation epoch 298:   0%|          | 0/5 [00:00<?, ?it/s]
                                                           

Training epoch 299:   0%|          | 0/25 [00:00<?, ?it/s]
Training epoch 299:  12%|█▏        | 3/25 [00:01<00:08,  2.68it/s, loss=2.28e-5]
Training epoch 299:  24%|██▍       | 6/25 [00:02<00:06,  2.76it/s, loss=2.18e-5]
Training epoch 299:  36%|███▌      | 9/25 [00:03<00:05,  2.79it/s, loss=2.3e-5] 
Training epoch 299:  48%|████▊     | 12/25 [00:04<00:04,  2.80it/s, loss=2.23e-5]
Training epoch 299:  60%|██████    | 15/25 [00:05<00:03,  2.80it/s, loss=2.4e-5] 
Training epoch 299:  72%|███████▏  | 18/25 [00:06<00:02,  2.81it/s, loss=2.1e-5]
Training epoch 299:  84%|████████▍ | 21/25 [00:07<00:01,  2.81it/s, loss=2.57e-5]
Training epoch 299:  96%|█████████▌| 24/25 [00:08<00:00,  2.81it/s, loss=2.18e-5]
                                                                                 

Validation epoch 299:   0%|          | 0/5 [00:00<?, ?it/s]
                                                           
[StateOnlyEncoder] state_dim=59, output_dim=512
[FlowPolicy] obs_encoder_type: state_only
[FlowUnetHybridPointcloudPolicy] use_pc_color: False
[FlowUnetHybridPointcloudPolicy] pointnet_type: mlp
[2026-05-22 21:24:14,464][flow_policy_3d.model.flow.conditional_unet1d][INFO] - number of parameters: 2.817073e+08
----------------------------------
Class name: FlowPolicy
  Number of parameters: 282.0007M
   _dummy_variable: 0.0000M (0.00%)
   obs_encoder: 0.2934M (0.10%)
   model: 281.7073M (99.90%)
   mask_generator: 0.0000M (0.00%)
----------------------------------
Replay Buffer: state, shape (3929, 59), dtype float32, range -2.92~2.90
Replay Buffer: action, shape (3929, 9), dtype float32, range -1.00~1.00
--------------------------
[2026-05-22 21:24:15,662][OpenGL.acceleratesupport][INFO] - No OpenGL_accelerate module loaded: No module named 'OpenGL_accelerate'
-----------------------------
[WandB] group: kitchen_verify_zarrfix
[WandB] name: kitchen_verify_zarrfix_0
-----------------------------
success_rate: 0.00%
mean_inference_latency: 0.014559s
success_rate: 0.00%
mean_inference_latency: 0.014242s
success_rate: 0.00%
mean_inference_latency: 0.016061s
success_rate: 0.00%
mean_inference_latency: 0.015474s
success_rate: 0.00%
mean_inference_latency: 0.016146s
success_rate: 0.00%
mean_inference_latency: 0.016714s
[1;34mwandb[0m: 
[1;34mwandb[0m: You can sync this run to the cloud by running:
[1;34mwandb[0m: [1mwandb sync /home/daffa/Documents/data/outputs/kitchen_verify_zarrfix_seed0/wandb/offline-run-20260522_212416-9w4tb2ty[0m
[1;34mwandb[0m: Find logs at: [1;35m../../data/outputs/kitchen_verify_zarrfix_seed0/wandb/offline-run-20260522_212416-9w4tb2ty/logs[0m
